city,model,mae_C,bias_C,rmse_C,within_1C_pct,within_2C_pct,count,rank
NYC,gfs,1.64,-1.38,2.01,29.4,66.7,51,2
NYC,ecmwf,2.75,-2.45,3.27,17.6,47.1,51,5
NYC,icon,1.13,-0.63,1.42,47.1,90.2,51,1
NYC,jma,2.94,-2.86,3.41,17.6,31.4,51,6
NYC,gem,2.39,-2.15,2.85,27.5,41.2,51,4
NYC,ukmo,2.37,-1.84,2.79,21.6,43.1,51,3
NYC,vc,0.54,-0.13,1.04,78.4,88.2,51,ref
Chicago,gfs,1.64,-0.91,2.09,43.1,74.5,51,2
Chicago,ecmwf,2.12,-1.83,2.43,23.5,47.1,51,5
Chicago,icon,1.9,-1.44,2.33,29.4,62.7,51,3
Chicago,jma,2.47,-1.25,3.09,29.4,45.1,51,6
Chicago,gem,1.55,-1,2,45.1,68.6,51,1
Chicago,ukmo,1.94,-0.72,2.4,35.3,58.8,51,4
Chicago,vc,0.63,-0.25,1.43,82.4,86.3,51,ref
Miami,gfs,1.08,-0.04,1.42,62.7,82.4,51,3
Miami,ecmwf,1.55,-1.24,1.76,27.5,76.5,51,5
Miami,icon,0.88,-0.21,1.16,64.7,88.2,51,1
Miami,jma,1.16,-0.28,1.45,51.0,88.2,51,4
Miami,gem,1.02,0.11,1.44,68.6,84.3,51,2
Miami,ukmo,1.6,-1,1.91,33.3,70.6,51,6
Miami,vc,0.21,-0.16,0.74,96.1,96.1,51,ref
Atlanta,gfs,1.69,-1.16,1.94,29.4,62.7,51,1
Atlanta,ecmwf,2.24,-1.46,2.74,25.5,45.1,51,3
Atlanta,icon,2.14,-1.83,2.48,25.5,51.0,51,2
Atlanta,jma,3.39,-2.27,4.16,11.8,31.4,51,5
Atlanta,gem,2.95,-1.62,3.7,21.6,43.1,51,4
Atlanta,ukmo,3.52,-2.77,4.14,11.8,25.5,51,6
Atlanta,vc,0.4,-0.31,1.03,88.2,92.2,51,ref
Dallas,gfs,1.86,-0.46,2.28,37.3,58.8,51,2
Dallas,ecmwf,2.01,-1.08,2.44,23.5,58.8,51,3
Dallas,icon,1.44,-0.23,1.74,35.3,68.6,51,1
Dallas,jma,2.85,-1.83,3.39,19.6,37.3,51,6
Dallas,gem,2.1,-1.19,2.7,25.5,58.8,51,4
Dallas,ukmo,2.77,-1.82,3.5,29.4,35.3,51,5
Dallas,vc,0.67,-0.63,1.44,78.4,84.3,51,ref
Seattle,gfs,0.98,-0.28,1.27,58.8,84.3,51,4
Seattle,ecmwf,0.95,-0.37,1.17,64.7,92.2,51,3
Seattle,icon,0.78,-0.05,1.03,68.6,94.1,51,1
Seattle,jma,0.93,-0.24,1.16,60.8,92.2,51,2
Seattle,gem,1.23,-1.02,1.51,47.1,80.4,51,6
Seattle,ukmo,1.13,-0.64,1.43,52.9,84.3,51,5
Seattle,vc,0.43,-0.19,0.7,78.4,98.0,51,ref
Toronto,gfs,1.3,-0.85,1.66,47.1,80.4,51,2
Toronto,ecmwf,1.94,-1.92,2.34,25.5,56.9,51,6
Toronto,icon,1.87,-1.75,2.25,23.5,60.8,51,4
Toronto,jma,1.89,-1.36,2.33,35.3,56.9,51,5
Toronto,gem,1.25,-0.92,1.52,43.1,80.4,51,1
Toronto,ukmo,1.74,-1.66,2.1,25.5,64.7,51,3
Toronto,vc,0.89,-0.02,1.68,80.4,90.2,51,ref
London,gfs,1,-0.65,1.28,54.9,90.2,51,3
London,ecmwf,0.93,-0.69,1.12,62.7,96.1,51,2
London,icon,0.91,-0.43,1.15,64.7,90.2,51,1
London,jma,1.08,-0.65,1.3,54.9,92.2,51,6
London,gem,1.07,-0.73,1.32,47.1,90.2,51,5
London,ukmo,1.04,-0.71,1.29,56.9,86.3,51,4
London,vc,0.32,-0.22,0.49,84.3,100.0,51,ref
Seoul,gfs,1.8,0.1,2.42,41.2,64.7,51,5
Seoul,ecmwf,1.08,-0.69,1.35,54.9,82.4,51,1
Seoul,icon,1.43,-1.08,1.79,43.1,74.5,51,3
Seoul,jma,1.63,-0.17,2.17,47.1,68.6,51,4
Seoul,gem,1.08,-0.76,1.29,52.9,90.2,51,2
Seoul,ukmo,2.03,-1.1,2.72,37.3,68.6,51,6
Seoul,vc,0.66,0.05,1.31,80.4,92.2,51,ref
Buenos Aires,gfs,2.78,2.58,3.34,21.6,33.3,51,5
Buenos Aires,ecmwf,1.82,-1.02,2.29,35.3,56.9,51,3
Buenos Aires,icon,1.64,-0.63,2.28,49.0,72.5,51,1
Buenos Aires,jma,3.06,-2.68,3.6,15.7,31.4,51,6
Buenos Aires,gem,2.43,-1.88,3.12,31.4,45.1,51,4
Buenos Aires,ukmo,1.76,-0.38,2.33,45.1,64.7,51,2
Buenos Aires,vc,0.17,-0.1,0.31,98.0,100.0,51,ref
Ankara,gfs,1.4,-0.37,1.71,43.1,78.4,51,3
Ankara,ecmwf,1.76,-0.16,2.19,31.4,66.7,51,6
Ankara,icon,1.03,-0.37,1.28,54.9,88.2,51,1
Ankara,jma,1.33,0.12,1.69,43.1,80.4,51,2
Ankara,gem,1.65,-0.67,1.9,27.5,66.7,51,5
Ankara,ukmo,1.43,-0.67,1.71,33.3,78.4,51,4
Ankara,vc,0.52,-0.31,1.03,76.5,96.1,51,ref
Wellington,gfs,1.64,-1.2,1.84,23.5,68.6,51,3
Wellington,ecmwf,1.74,-1.39,1.96,19.6,60.8,51,5
Wellington,icon,1.7,-1.55,1.98,23.5,66.7,51,4
Wellington,jma,2.54,-2.47,2.75,15.7,31.4,51,6
Wellington,gem,1.33,-0.53,1.6,41.2,76.5,51,2
Wellington,ukmo,1.06,-0.02,1.32,49.0,92.2,51,1
Wellington,vc,0.81,-0.56,1.28,66.7,90.2,51,ref
