date,city,wu_actual_C,vc_observed_C,gfs_48h_forecast_C,ecmwf_48h_forecast_C,icon_48h_forecast_C,jma_48h_forecast_C,gem_48h_forecast_C,ukmo_48h_forecast_C,gfs_error_C,ecmwf_error_C,icon_error_C,jma_error_C,gem_error_C,ukmo_error_C
2026-01-01,NYC,2.2,2.2,0.9,-0.4,0.1,-1.5,-1.2,0.9,-1.3,-2.6,-2.1,-3.7,-3.4,-1.3
2026-01-02,NYC,-1.1,-1.2,-0.4,-2.5,-1.4,-3.6,-2.1,-2.5,0.7,-1.4,-0.3,-2.5,-1.0,-1.4
2026-01-03,NYC,-1.1,-0.7,-0.9,-2.5,-1.6,-3.3,-2.7,0.2,0.2,-1.4,-0.5,-2.2,-1.6,1.3
2026-01-04,NYC,1.1,1.2,1.1,-0.6,0.4,-2,-0.9,1.1,0.0,-1.7,-0.7,-3.1,-2.0,0.0
2026-01-05,NYC,2.2,3.3,0.3,1.2,1,-0.2,0.4,0.3,-1.9,-1.0,-1.2,-2.4,-1.8,-1.9
2026-01-06,NYC,3.9,3.8,2.4,4.5,4.3,2.7,3.2,2.9,-1.5,0.6,0.4,-1.2,-0.7,-1.0
2026-01-07,NYC,8.9,8.8,7.9,7.9,9.5,7.9,8.9,6.5,-1.0,-1.0,0.6,-1.0,0.0,-2.4
2026-01-08,NYC,9.4,9.3,8.7,7.6,8.4,5.8,8.8,6.4,-0.7,-1.8,-1.0,-3.6,-0.6,-3.0
2026-01-09,NYC,8.9,11.7,8.9,9.2,8.7,8.6,10.2,6.7,0.0,0.3,-0.2,-0.3,1.3,-2.2
2026-01-10,NYC,12.2,11.7,10.5,10.6,9.3,8.6,12.4,9.4,-1.7,-1.6,-2.9,-3.6,0.2,-2.8
2026-01-11,NYC,8.3,8.3,7.2,7.2,8.1,6.6,6.5,6,-1.1,-1.1,-0.2,-1.7,-1.8,-2.3
2026-01-12,NYC,4.4,4.3,5.6,3.7,4.3,3.3,4.1,4.7,1.2,-0.7,-0.1,-1.1,-0.3,0.3
2026-01-13,NYC,8.3,8.3,7.8,4.9,7.4,5.3,6.3,4.6,-0.5,-3.4,-0.9,-3.0,-2.0,-3.7
2026-01-14,NYC,10,9.9,7.4,8,8.1,6.7,10.3,6.7,-2.6,-2,-1.9,-3.3,0.3,-3.3
2026-01-15,NYC,7.8,7.8,6.4,4.8,6.5,5.5,6.9,6.2,-1.4,-3.0,-1.3,-2.3,-0.9,-1.6
2026-01-16,NYC,0.6,0.7,0.7,0.1,0.2,-1.1,0.9,0.7,0.1,-0.5,-0.4,-1.7,0.3,0.1
2026-01-17,NYC,4.4,4.3,2.5,3.4,2,3.7,2.7,0.7,-1.9,-1.0,-2.4,-0.7,-1.7,-3.7
2026-01-18,NYC,1.7,1.7,0.6,1.3,2.2,2.6,1.1,1.7,-1.1,-0.4,0.5,0.9,-0.6,0.0
2026-01-19,NYC,0,-0.1,-0.1,-1.4,1.1,-0.5,-1.8,1.3,-0.1,-1.4,1.1,-0.5,-1.8,1.3
2026-01-20,NYC,0,-2.8,-1.3,-2.9,0.1,-1.5,-5.4,-0.1,-1.3,-2.9,0.1,-1.5,-5.4,-0.1
2026-01-21,NYC,2.8,3.3,0.3,2.1,1.5,0.1,-2.7,2,-2.5,-0.7,-1.3,-2.7,-5.5,-0.8
2026-01-22,NYC,8.9,8.8,4,5.5,5.5,5.9,3.9,4,-4.9,-3.4,-3.4,-3.0,-5.0,-4.9
2026-01-23,NYC,6.7,3.8,1.4,2.5,2.4,2.1,2.4,3.3,-5.3,-4.2,-4.3,-4.6,-4.3,-3.4
2026-01-24,NYC,-4.4,-7.8,-7.8,-5.6,-2.8,-3.5,-2.2,0.5,-3.4,-1.2,1.6,0.9,2.2,4.9
2026-01-25,NYC,-6.1,-5.1,-6.1,-5.5,-7.7,-7.8,-5.6,-7.7,0.0,0.6,-1.6,-1.7,0.5,-1.6
2026-01-26,NYC,-2.8,-2.8,-1.3,0.6,-1.3,-4,-2.1,-2.6,1.5,3.4,1.5,-1.2,0.7,0.2
2026-01-27,NYC,-5.6,-5.7,-7.3,-6.6,-5.5,-7.9,-7.2,-7.4,-1.7,-1.0,0.1,-2.3,-1.6,-1.8
2026-01-28,NYC,-4.4,-4.3,-5.6,-9.2,-6.2,-7.2,-6.7,-8.9,-1.2,-4.8,-1.8,-2.8,-2.3,-4.5
2026-01-29,NYC,-4.4,-4.3,-5.5,-9.9,-4.9,-8.6,-8.1,-8.7,-1.1,-5.5,-0.5,-4.2,-3.7,-4.3
2026-01-30,NYC,-5.6,-7.2,-8.6,-10.6,-5.9,-10.8,-9.9,-7.8,-3.0,-5.0,-0.3,-5.2,-4.3,-2.2
2026-01-31,NYC,-4.4,-4.3,-6.7,-10.4,-6.2,-10.6,-9.5,-9.3,-2.3,-6.0,-1.8,-6.2,-5.1,-4.9
2026-02-01,NYC,-3.9,-3.8,-6.2,-8.1,-2.3,-7.7,-6.3,-7.4,-2.3,-4.2,1.6,-3.8,-2.4,-3.5
2026-02-02,NYC,1.7,1.7,-0.9,-3.8,0.3,-3.8,-2.1,-2,-2.6,-5.5,-1.4,-5.5,-3.8,-3.7
2026-02-03,NYC,0.6,0.7,-0.2,-5.1,0.9,-2.9,-2.7,-4.4,-0.8,-5.7,0.3,-3.5,-3.3,-5.0
2026-02-04,NYC,0.6,0.7,-1.6,-3.4,-0.3,-3.7,-3.5,-1.9,-2.2,-4.0,-0.9,-4.3,-4.1,-2.5
2026-02-05,NYC,0,-0.1,-2.3,-4.4,-0.8,-4.7,-4,-4,-2.3,-4.4,-0.8,-4.7,-4,-4
2026-02-06,NYC,0.6,0.7,-2.9,-4.1,-0.9,-4.2,-3.5,-3.5,-3.5,-4.7,-1.5,-4.8,-4.1,-4.1
2026-02-07,NYC,-0.6,-2.2,-4,-6.2,-1.6,-8.2,-4.5,-4.9,-3.4,-5.6,-1.0,-7.6,-3.9,-4.3
2026-02-08,NYC,-7.2,-7.2,-7.6,-11,-8.2,-12.2,-10,-10.2,-0.4,-3.8,-1.0,-5.0,-2.8,-3.0
2026-02-09,NYC,-0.6,-0.7,-2.4,-5.7,-1.5,-5.9,-3.2,-4.6,-1.8,-5.1,-0.9,-5.3,-2.6,-4.0
2026-02-10,NYC,1.1,2.2,-0.4,-0.5,1.1,-1.8,-1.4,-2.3,-1.5,-1.6,0.0,-2.9,-2.5,-3.4
2026-02-11,NYC,5,4.9,2.3,2.7,4.5,4.1,2.1,3.2,-2.7,-2.3,-0.5,-0.9,-2.9,-1.8
2026-02-12,NYC,2.8,2.2,0.9,-0.4,1.1,-0.9,-0.1,1.3,-1.9,-3.2,-1.7,-3.7,-2.9,-1.5
2026-02-13,NYC,3.3,3.3,0.8,-1.9,2.2,-2.5,-0.2,1.3,-2.5,-5.2,-1.1,-5.8,-3.5,-2.0
2026-02-14,NYC,7.2,7.3,4.7,2.4,5.9,3.4,1.9,3.9,-2.5,-4.8,-1.3,-3.8,-5.3,-3.3
2026-02-15,NYC,3.9,3.8,1.8,2,4.9,1.6,1.3,4.7,-2.1,-1.9,1.0,-2.3,-2.6,0.8
2026-02-16,NYC,3.3,3.3,2.3,1.1,3.2,0.9,0.7,2.8,-1.0,-2.2,-0.1,-2.4,-2.6,-0.5
2026-02-17,NYC,8.3,8.3,9.2,2.9,6.8,2.9,5.3,6.7,0.9,-5.4,-1.5,-5.4,-3.0,-1.6
2026-02-18,NYC,6.1,3.8,6,4.2,6.2,3.7,4,6.4,-0.1,-1.9,0.1,-2.4,-2.1,0.3
2026-02-19,NYC,3.3,2.8,4.9,3,5,2.9,3.4,5.7,1.6,-0.3,1.7,-0.4,0.1,2.4
2026-02-20,NYC,2.2,4.4,2.7,5,4.1,2.2,2.7,4.3,0.5,2.8,1.9,0.0,0.5,2.1
2026-01-01,Chicago,-7.8,-6.7,-4.5,-5,-2.3,-1.5,-2.4,-3.7,3.3,2.8,5.5,6.3,5.4,4.1
2026-01-02,Chicago,-4.4,-4.3,-3.9,-7.2,-4.2,-3.7,-6.6,-2.8,0.5,-2.8,0.2,0.7,-2.2,1.6
2026-01-03,Chicago,-3.3,-3.3,-1.9,-5.9,-5.4,-2.5,-4.1,-0.4,1.4,-2.6,-2.1,0.8,-0.8,2.9
2026-01-04,Chicago,0,0.7,-1.6,-3.3,-2,-2.6,-3.2,-1.2,-1.6,-3.3,-2,-2.6,-3.2,-1.2
2026-01-05,Chicago,6.7,6.7,2.9,5.6,1.5,3.2,6.2,2.8,-3.8,-1.1,-5.2,-3.5,-0.5,-3.9
2026-01-06,Chicago,7.2,7.2,4.4,3.3,2.8,3.6,6.4,4.4,-2.8,-3.9,-4.4,-3.6,-0.8,-2.8
2026-01-07,Chicago,6.1,6.7,5.2,6.3,6.3,3.5,6.9,5.4,-0.9,0.2,0.2,-2.6,0.8,-0.7
2026-01-08,Chicago,12.8,15.7,9.7,10.8,8.8,8.1,12.4,9.1,-3.1,-2.0,-4.0,-4.7,-0.4,-3.7
2026-01-09,Chicago,15.6,15.7,14.8,14.1,14.6,14.6,15.3,14.8,-0.8,-1.5,-1.0,-1.0,-0.3,-0.8
2026-01-10,Chicago,5.6,4.3,4.1,2.3,4.3,2.1,4.6,5,-1.5,-3.3,-1.3,-3.5,-1.0,-0.6
2026-01-11,Chicago,0.6,0.7,-0.1,-0.4,0.7,-1.1,0.1,0.5,-0.7,-1.0,0.1,-1.7,-0.5,-0.1
2026-01-12,Chicago,5.6,5.7,3.6,4.5,3.8,3,3.5,5,-2.0,-1.1,-1.8,-2.6,-2.1,-0.6
2026-01-13,Chicago,11.1,11.2,7.1,8.6,8.1,8.7,9.5,6.7,-4.0,-2.5,-3.0,-2.4,-1.6,-4.4
2026-01-14,Chicago,6.7,5.7,6.3,5.5,5.9,6.8,7.7,7,-0.4,-1.2,-0.8,0.1,1.0,0.3
2026-01-15,Chicago,-4.4,-4.3,-4.3,-3.8,-5.6,-4.5,-5.1,-3.1,0.1,0.6,-1.2,-0.1,-0.7,1.3
2026-01-16,Chicago,2.8,2.8,1.1,1.4,1,3,1.8,2.5,-1.7,-1.4,-1.8,0.2,-1.0,-0.3
2026-01-17,Chicago,1.7,-3.8,-0.1,0.7,0.1,1.5,0.7,2.4,-1.8,-1.0,-1.6,-0.2,-1.0,0.7
2026-01-18,Chicago,-8.3,-7.8,-7.8,-8.4,-8.6,-5.1,-8.4,-4.6,0.5,-0.1,-0.3,3.2,-0.1,3.7
2026-01-19,Chicago,-7.8,-7.8,-6.6,-8.7,-9.1,-4.6,-9.4,-4.9,1.2,-0.9,-1.3,3.2,-1.6,2.9
2026-01-20,Chicago,-6.7,-4.3,-7.4,-9.9,-9.6,-5.4,-11.2,-4.4,-0.7,-3.2,-2.9,1.3,-4.5,2.3
2026-01-21,Chicago,-1.7,-1.7,-1.6,-3,-3.3,-1.9,-2.6,-1.8,0.1,-1.3,-1.6,-0.2,-0.9,-0.1
2026-01-22,Chicago,-1.1,-3.2,-1.5,-4.3,-4.2,-2.5,-3.2,-2.5,-0.4,-3.2,-3.1,-1.4,-2.1,-1.4
2026-01-23,Chicago,-8.9,-15.1,-7.2,-9,-6.1,-4.9,-7,-6.4,1.7,-0.1,2.8,4.0,1.9,2.5
2026-01-24,Chicago,-14.4,-14.3,-12.9,-16.3,-14.7,-14.3,-14.6,-14.4,1.5,-1.9,-0.3,0.1,-0.2,0.0
2026-01-25,Chicago,-10,-10.1,-9,-13.1,-11.4,-8,-11.2,-8.5,1,-3.1,-1.4,2,-1.2,1.5
2026-01-26,Chicago,-12.2,-12.8,-11.5,-15.2,-13.2,-11.2,-14.1,-12.3,0.7,-3.0,-1.0,1.0,-1.9,-0.1
2026-01-27,Chicago,-10,-10.1,-9.5,-11,-11.2,-6.6,-9.9,-9,0.5,-1,-1.2,3.4,0.1,1
2026-01-28,Chicago,-8.3,-8.3,-9.1,-12.3,-10.4,-8,-12.7,-11.2,-0.8,-4.0,-2.1,0.3,-4.4,-2.9
2026-01-29,Chicago,-8.3,-8.3,-9.8,-12.5,-9.5,-10.2,-10.5,-11.6,-1.5,-4.2,-1.2,-1.9,-2.2,-3.3
2026-01-30,Chicago,-7.8,-7.8,-8.3,-8.7,-11.3,-7.7,-8.4,-9.3,-0.5,-0.9,-3.5,0.1,-0.6,-1.5
2026-01-31,Chicago,-3.9,-3.8,-4.7,-6.7,-7.2,-7.9,-4,-5.7,-0.8,-2.8,-3.3,-4.0,-0.1,-1.8
2026-02-01,Chicago,-2.2,-2.2,-4.1,-4.5,-3.6,-4.5,-5.6,-6.2,-1.9,-2.3,-1.4,-2.3,-3.4,-4.0
2026-02-02,Chicago,-2.8,-2.8,-2.1,-4.8,-2.5,-1.9,-4.4,-2.8,0.7,-2.0,0.3,0.9,-1.6,0.0
2026-02-03,Chicago,-1.7,-2.2,-3.5,-5.9,-4.7,-5.3,-6.5,-3.9,-1.8,-4.2,-3.0,-3.6,-4.8,-2.2
2026-02-04,Chicago,-2.8,-2.8,-3.6,-4.4,-4.2,-6.2,-4.3,-6.1,-0.8,-1.6,-1.4,-3.4,-1.5,-3.3
2026-02-05,Chicago,-0.6,-0.7,-1.3,-3.1,-1.4,-1.3,-2.6,-1.4,-0.7,-2.5,-0.8,-0.7,-2.0,-0.8
2026-02-06,Chicago,3.3,3.3,1.6,2.1,2,3.8,2.9,2.3,-1.7,-1.2,-1.3,0.5,-0.4,-1.0
2026-02-07,Chicago,-1.7,-4.3,-1.8,-2.2,0,-1.2,-3,-1,-0.1,-0.5,1.7,0.5,-1.3,0.7
2026-02-08,Chicago,-1.1,-1.2,-1.3,-2.7,-2,-3.6,-2.1,-2.8,-0.2,-1.6,-0.9,-2.5,-1.0,-1.7
2026-02-09,Chicago,3.3,3.3,1.6,2.4,2.7,2.3,3.2,1.4,-1.7,-0.9,-0.6,-1.0,-0.1,-1.9
2026-02-10,Chicago,8.3,8.3,3.3,5.7,3.5,5.2,6,3.6,-5.0,-2.6,-4.8,-3.1,-2.3,-4.7
2026-02-11,Chicago,5.6,5.7,2.6,2.6,1.5,1.6,2.6,2.5,-3.0,-3.0,-4.1,-4.0,-3.0,-3.1
2026-02-12,Chicago,3.9,3.8,2.5,3.7,1.9,0,5.6,3.1,-1.4,-0.2,-2.0,-3.9,1.7,-0.8
2026-02-13,Chicago,12.2,12.2,6.3,9,9.1,5.6,10.4,9.1,-5.9,-3.2,-3.1,-6.6,-1.8,-3.1
2026-02-14,Chicago,10.6,10.7,8.1,9.3,11,6.2,11.4,9,-2.5,-1.3,0.4,-4.4,0.8,-1.6
2026-02-15,Chicago,15.6,15.7,12.6,12.5,13.4,8.5,15.5,11.1,-3.0,-3.1,-2.2,-7.1,-0.1,-4.5
2026-02-16,Chicago,18.3,18.3,16.2,15.2,17.1,11.3,16.2,14.7,-2.1,-3.1,-1.2,-7.0,-2.1,-3.6
2026-02-17,Chicago,15,12.8,11.6,10.8,12.7,10.2,12.8,14.5,-3.4,-4.2,-2.3,-4.8,-2.2,-0.5
2026-02-18,Chicago,17.2,17.2,17,14.7,16.8,15.5,15.6,16.2,-0.2,-2.5,-0.4,-1.7,-1.6,-1.0
2026-02-19,Chicago,14.4,14.3,16.4,11.8,12,11.4,14.6,15.2,2.0,-2.6,-2.4,-3.0,0.2,0.8
2026-02-20,Chicago,6.7,6.7,10.2,10.4,7,9,8.8,11.3,3.5,3.7,0.3,2.3,2.1,4.6
2026-01-01,Miami,20,19.9,20.2,18.5,19.2,19.5,19.9,20.1,0.2,-1.5,-0.8,-0.5,-0.1,0.1
2026-01-02,Miami,21.7,21.7,21.2,22.1,21.5,22.7,21.9,20.8,-0.5,0.4,-0.2,1.0,0.2,-0.9
2026-01-03,Miami,25,24.9,23,23.8,23.8,25.5,24,23.2,-2,-1.2,-1.2,0.5,-1,-1.8
2026-01-04,Miami,26.7,26.7,28,25,26.6,25.2,27.1,24.1,1.3,-1.7,-0.1,-1.5,0.4,-2.6
2026-01-05,Miami,26.7,26.7,26.1,25,25.9,25.7,26.1,24.8,-0.6,-1.7,-0.8,-1.0,-0.6,-1.9
2026-01-06,Miami,26.7,26.7,26.5,25.3,26.3,26.3,26.8,25.7,-0.2,-1.4,-0.4,-0.4,0.1,-1.0
2026-01-07,Miami,27.2,27.2,26.9,24.2,26.4,26.2,27.1,25.9,-0.3,-3.0,-0.8,-1.0,-0.1,-1.3
2026-01-08,Miami,27.8,27.8,26.3,25.6,27.2,26.7,26.7,25.7,-1.5,-2.2,-0.6,-1.1,-1.1,-2.1
2026-01-09,Miami,27.2,27.2,26.3,25.5,26.9,27.1,26.6,26.3,-0.9,-1.7,-0.3,-0.1,-0.6,-0.9
2026-01-10,Miami,27.2,27.2,26.9,25.7,27.7,28,26.7,26.4,-0.3,-1.5,0.5,0.8,-0.5,-0.8
2026-01-11,Miami,28.9,28.8,26.8,25.7,29.4,28.5,28.4,27.1,-2.1,-3.2,0.5,-0.4,-0.5,-1.8
2026-01-12,Miami,24.4,24.3,24.7,24,24.9,25.2,25.1,26.3,0.3,-0.4,0.5,0.8,0.7,1.9
2026-01-13,Miami,22.8,22.8,26.6,24.1,25.3,24.9,25.5,23.1,3.8,1.3,2.5,2.1,2.7,0.3
2026-01-14,Miami,26.1,26.2,26.5,24.4,26.3,25.6,24.3,23.8,0.4,-1.7,0.2,-0.5,-1.8,-2.3
2026-01-15,Miami,22.2,21.7,23.1,22.6,23.5,22.6,24.8,22.8,0.9,0.4,1.3,0.4,2.6,0.6
2026-01-16,Miami,20,19.9,19.9,18.6,19.2,18.6,19.5,19.1,-0.1,-1.4,-0.8,-1.4,-0.5,-0.9
2026-01-17,Miami,25,24.9,22.9,22.6,22.9,24,25.3,22.3,-2.1,-2.4,-2.1,-1,0.3,-2.7
2026-01-18,Miami,27.2,27.2,26.1,26.9,25.1,27.1,28.8,25.4,-1.1,-0.3,-2.1,-0.1,1.6,-1.8
2026-01-19,Miami,19.4,19.3,20.2,19.7,19.3,18,22.5,23.7,0.8,0.3,-0.1,-1.4,3.1,4.3
2026-01-20,Miami,23.3,23.3,22.8,21.7,22,22.8,23,22.8,-0.5,-1.6,-1.3,-0.5,-0.3,-0.5
2026-01-21,Miami,21.7,21.7,22,22.5,23.5,23.6,23.4,23.3,0.3,0.8,1.8,1.9,1.7,1.6
2026-01-22,Miami,24.4,24.3,26.5,25.1,25.8,26.4,28.2,24.3,2.1,0.7,1.4,2.0,3.8,-0.1
2026-01-23,Miami,27.8,27.8,26.9,24.9,27.4,27.2,27.7,25.6,-0.9,-2.9,-0.4,-0.6,-0.1,-2.2
2026-01-24,Miami,27.8,27.8,27.3,24.5,27.3,27,27.5,25.1,-0.5,-3.3,-0.5,-0.8,-0.3,-2.7
2026-01-25,Miami,27.8,27.8,27.4,25.4,27.7,27.5,28.1,26.8,-0.4,-2.4,-0.1,-0.3,0.3,-1.0
2026-01-26,Miami,30,29.9,30.4,27.6,29.9,29.2,30.4,28.1,0.4,-2.4,-0.1,-0.8,0.4,-1.9
2026-01-27,Miami,23.3,18.8,26,23.7,24.8,24.3,24.1,26,2.7,0.4,1.5,1.0,0.8,2.7
2026-01-28,Miami,17.2,17.2,21.7,19.5,20.2,21.1,21.9,19.6,4.5,2.3,3.0,3.9,4.7,2.4
2026-01-29,Miami,22.2,22.2,20.6,20.5,21.4,20.4,21,20.2,-1.6,-1.7,-0.8,-1.8,-1.2,-2.0
2026-01-30,Miami,20,19.9,21,18.1,20.1,18.9,22.8,19.4,1,-1.9,0.1,-1.1,2.8,-0.6
2026-01-31,Miami,18.9,18.3,21.7,17.5,18.6,19.1,18.1,18.8,2.8,-1.4,-0.3,0.2,-0.8,-0.1
2026-02-01,Miami,13.3,10.7,14,14.7,12.6,13.7,14.6,14.7,0.7,1.4,-0.7,0.4,1.3,1.4
2026-02-02,Miami,13.9,13.8,15,13.1,15.1,14.3,13.1,13.4,1.1,-0.8,1.2,0.4,-0.8,-0.5
2026-02-03,Miami,20.6,20.7,18.5,18.3,19.3,19.3,19.8,19.1,-2.1,-2.3,-1.3,-1.3,-0.8,-1.5
2026-02-04,Miami,22.8,22.8,23.6,21.7,23.2,24,20,21,0.8,-1.1,0.4,1.2,-2.8,-1.8
2026-02-05,Miami,23.3,23.3,24.4,22.4,20.6,20.4,23.8,22,1.1,-0.9,-2.7,-2.9,0.5,-1.3
2026-02-06,Miami,18.9,18.8,19.3,18.4,18.6,18.5,18.4,17.1,0.4,-0.5,-0.3,-0.4,-0.5,-1.8
2026-02-07,Miami,26.1,26.2,24,22,23.4,22.1,24,20.5,-2.1,-4.1,-2.7,-4.0,-2.1,-5.6
2026-02-08,Miami,22.8,22.8,22,21.8,21.1,22.4,22.5,22.3,-0.8,-1.0,-1.7,-0.4,-0.3,-0.5
2026-02-09,Miami,23.3,23.3,22.4,22.1,22.1,24.3,23.1,22.3,-0.9,-1.2,-1.2,1.0,-0.2,-1.0
2026-02-10,Miami,24.4,24.3,23.3,23.3,24.2,25,23.7,23.2,-1.1,-1.1,-0.2,0.6,-0.7,-1.2
2026-02-11,Miami,25,24.9,25.1,23.6,25.3,26.1,24.6,23.8,0.1,-1.4,0.3,1.1,-0.4,-1.2
2026-02-12,Miami,27.2,27.2,26.4,24.9,27.3,25.7,27.1,24.8,-0.8,-2.3,0.1,-1.5,-0.1,-2.4
2026-02-13,Miami,27.2,27.2,26.7,25.3,26.1,25,26.5,24,-0.5,-1.9,-1.1,-2.2,-0.7,-3.2
2026-02-14,Miami,25.6,25.7,24.8,24.4,24.8,24.1,25.1,24.8,-0.8,-1.2,-0.8,-1.5,-0.5,-0.8
2026-02-15,Miami,26.7,26.7,25.3,24.8,26.6,25.5,25.5,25.2,-1.4,-1.9,-0.1,-1.2,-1.2,-1.5
2026-02-16,Miami,29.4,29.3,29.9,28.1,28.5,26.4,27.9,26.1,0.5,-1.3,-0.9,-3.0,-1.5,-3.3
2026-02-17,Miami,26.7,26.7,24.9,25.3,26.5,24.7,26,24.6,-1.8,-1.4,-0.2,-2.0,-0.7,-2.1
2026-02-18,Miami,26.1,26.2,26.3,25.2,26.7,26.8,26.6,25.6,0.2,-0.9,0.6,0.7,0.5,-0.5
2026-02-19,Miami,27.2,27.3,27.6,26.3,28.4,28.4,27.8,26.1,0.4,-0.9,1.2,1.2,0.6,-1.1
2026-02-20,Miami,28.3,28.3,27.5,26.4,28.6,29.8,28,27.3,-0.8,-1.9,0.3,1.5,-0.3,-1.0
2026-01-01,Atlanta,16.7,16.7,13.9,13.4,13.6,11.4,13.6,8.3,-2.8,-3.3,-3.1,-5.3,-3.1,-8.4
2026-01-02,Atlanta,16.1,16.2,15.4,13.7,14.2,13.9,16,11.2,-0.7,-2.4,-1.9,-2.2,-0.1,-4.9
2026-01-03,Atlanta,13.9,13.8,15.4,14.6,14.6,12.5,12.9,12.7,1.5,0.7,0.7,-1.4,-1.0,-1.2
2026-01-04,Atlanta,17.2,17.2,15.1,14.8,14.7,12.4,12,11.3,-2.1,-2.4,-2.5,-4.8,-5.2,-5.9
2026-01-05,Atlanta,18.9,18.8,17.8,18.2,13.4,12.6,16.1,15.3,-1.1,-0.7,-5.5,-6.3,-2.8,-3.6
2026-01-06,Atlanta,16.1,16.7,20.1,18.1,18.3,16,18.9,14.9,4.0,2.0,2.2,-0.1,2.8,-1.2
2026-01-07,Atlanta,21.1,21.2,21.6,21.2,21.3,17.3,20.8,17.7,0.5,0.1,0.2,-3.8,-0.3,-3.4
2026-01-08,Atlanta,21.1,21.2,20.9,20,20.5,18.4,21.6,17.5,-0.2,-1.1,-0.6,-2.7,0.5,-3.6
2026-01-09,Atlanta,21.1,21.2,22.4,19.7,17.8,18.5,21.7,19.2,1.3,-1.4,-3.3,-2.6,0.6,-1.9
2026-01-10,Atlanta,21.7,21.2,19.7,18.6,20.3,20.5,23.9,19.3,-2.0,-3.1,-1.4,-1.2,2.2,-2.4
2026-01-11,Atlanta,17.2,13.8,16.1,14.8,16.3,19,16.7,15.2,-1.1,-2.4,-0.9,1.8,-0.5,-2.0
2026-01-12,Atlanta,11.1,11.2,9.9,8.9,7.7,7,5.7,6.6,-1.2,-2.2,-3.4,-4.1,-5.4,-4.5
2026-01-13,Atlanta,16.7,16.7,13.8,13.7,12.3,11.6,12.1,11.6,-2.9,-3.0,-4.4,-5.1,-4.6,-5.1
2026-01-14,Atlanta,11.1,11.2,13.2,12.6,12.2,12.2,12.4,11.5,2.1,1.5,1.1,1.1,1.3,0.4
2026-01-15,Atlanta,8.3,4.9,7.6,7.5,9.1,9.5,9.5,8,-0.7,-0.8,0.8,1.2,1.2,-0.3
2026-01-16,Atlanta,11.7,11.7,10.6,9.2,9,7.3,8.4,7.9,-1.1,-2.5,-2.7,-4.4,-3.3,-3.8
2026-01-17,Atlanta,11.7,11.7,11.4,10.8,10.2,9.9,10,9,-0.3,-0.9,-1.5,-1.8,-1.7,-2.7
2026-01-18,Atlanta,9.4,6.7,8.7,7.2,7.1,9,3.6,6.7,-0.7,-2.2,-2.3,-0.4,-5.8,-2.7
2026-01-19,Atlanta,8.3,8.3,7.7,6.1,6.1,5.7,5.7,5.3,-0.6,-2.2,-2.2,-2.6,-2.6,-3.0
2026-01-20,Atlanta,8.3,8.3,6.5,3.6,4.3,4.6,4.3,4.9,-1.8,-4.7,-4.0,-3.7,-4.0,-3.4
2026-01-21,Atlanta,12.8,12.8,10.7,11.3,9.7,9.1,10.1,7.8,-2.1,-1.5,-3.1,-3.7,-2.7,-5.0
2026-01-22,Atlanta,10,9.9,9.1,10.2,8.9,8.8,8.9,9.6,-0.9,0.2,-1.1,-1.2,-1.1,-0.4
2026-01-23,Atlanta,12.2,12.2,10.3,8.1,9.8,9.9,9.9,9.7,-1.9,-4.1,-2.4,-2.3,-2.3,-2.5
2026-01-24,Atlanta,9.4,8.3,6.9,7,7.5,9.4,4.5,9.9,-2.5,-2.4,-1.9,0.0,-4.9,0.5
2026-01-25,Atlanta,5,3.8,3.1,11.7,3.5,16.8,13.7,14.8,-1.9,6.7,-1.5,11.8,8.7,9.8
2026-01-26,Atlanta,3.9,3.3,6.6,11.6,3.1,13.4,12.3,10.7,2.7,7.7,-0.8,9.5,8.4,6.8
2026-01-27,Atlanta,6.1,6.2,3.5,3.6,2.9,1.2,0.8,3.8,-2.6,-2.5,-3.2,-4.9,-5.3,-2.3
2026-01-28,Atlanta,10,9.9,7.3,5.6,6.4,4.7,3.7,3,-2.7,-4.4,-3.6,-5.3,-6.3,-7
2026-01-29,Atlanta,8.3,8.3,6.2,5.7,5.6,5.7,3.3,3.9,-2.1,-2.6,-2.7,-2.6,-5.0,-4.4
2026-01-30,Atlanta,11.7,11.7,9.2,8.3,10,10.6,3.6,7.8,-2.5,-3.4,-1.7,-1.1,-8.1,-3.9
2026-01-31,Atlanta,6.7,2.2,6,5.2,4.9,8.7,-0.3,7.3,-0.7,-1.5,-1.8,2.0,-7.0,0.6
2026-02-01,Atlanta,2.2,2.2,1.5,0.1,0,-1.3,1,0.6,-0.7,-2.1,-2.2,-3.5,-1.2,-1.6
2026-02-02,Atlanta,10.6,10.7,8.2,7.6,7.6,2.6,8,5.3,-2.4,-3.0,-3.0,-8.0,-2.6,-5.3
2026-02-03,Atlanta,15.6,15.7,12.2,12.9,12.2,10.3,13.4,10.4,-3.4,-2.7,-3.4,-5.3,-2.2,-5.2
2026-02-04,Atlanta,13.3,13.3,10.2,11.7,12.6,12.5,12.2,11.3,-3.1,-1.6,-0.7,-0.8,-1.1,-2.0
2026-02-05,Atlanta,7.2,7.2,8.2,5.8,8,8.4,7.9,8.2,1.0,-1.4,0.8,1.2,0.7,1.0
2026-02-06,Atlanta,18.3,18.3,14.1,13.6,13,10.9,13.2,10.3,-4.2,-4.7,-5.3,-7.4,-5.1,-8.0
2026-02-07,Atlanta,12.8,12.2,11.8,10.9,10.1,10.4,11,10.7,-1.0,-1.9,-2.7,-2.4,-1.8,-2.1
2026-02-08,Atlanta,15.6,15.7,13,11.8,11.4,9.7,12.8,8.9,-2.6,-3.8,-4.2,-5.9,-2.8,-6.7
2026-02-09,Atlanta,19.4,19.3,17.8,19.2,19.9,15.5,19,12.6,-1.6,-0.2,0.5,-3.9,-0.4,-6.8
2026-02-10,Atlanta,20.6,20.7,20.9,21.4,21.5,15,23.8,18.9,0.3,0.8,0.9,-5.6,3.2,-1.7
2026-02-11,Atlanta,17.8,17.8,17.1,17.4,17.3,14.9,19.7,16.5,-0.7,-0.4,-0.5,-2.9,1.9,-1.3
2026-02-12,Atlanta,17.8,17.8,16.4,14.7,16.1,13.1,14.6,12.9,-1.4,-3.1,-1.7,-4.7,-3.2,-4.9
2026-02-13,Atlanta,16.7,16.7,16.5,14.5,15.1,13,14.8,13.4,-0.2,-2.2,-1.6,-3.7,-1.9,-3.3
2026-02-14,Atlanta,16.7,16.7,15.6,16.4,14.8,16,15.9,14.9,-1.1,-0.3,-1.9,-0.7,-0.8,-1.8
2026-02-15,Atlanta,15.6,15.7,13.9,15.1,12.5,15.5,17.3,12.1,-1.7,-0.5,-3.1,-0.1,1.7,-3.5
2026-02-16,Atlanta,20,19.9,18.3,18.3,19.1,17.5,15.8,16.5,-1.7,-1.7,-0.9,-2.5,-4.2,-3.5
2026-02-17,Atlanta,20.6,20.7,19.5,19.7,18.3,18,16.1,17.4,-1.1,-0.9,-2.3,-2.6,-4.5,-3.2
2026-02-18,Atlanta,20,19.9,18,20.1,20.7,18,20.7,17.4,-2,0.1,0.7,-2,0.7,-2.6
2026-02-19,Atlanta,26.1,26.2,24.1,22.7,24.5,20.6,25.9,21.8,-2.0,-3.4,-1.6,-5.5,-0.2,-4.3
2026-02-20,Atlanta,26.1,26.2,23.5,23.1,23.3,22.5,24.5,23,-2.6,-3.0,-2.8,-3.6,-1.6,-3.1
2026-01-01,Dallas,21.1,21.2,20.6,20.4,19.9,17,17.3,18.4,-0.5,-0.7,-1.2,-4.1,-3.8,-2.7
2026-01-02,Dallas,24.4,24.3,21.8,21,21.7,18.8,20.8,19.5,-2.6,-3.4,-2.7,-5.6,-3.6,-4.9
2026-01-03,Dallas,18.9,17.8,20.3,18.8,19.3,17.7,20.6,19.1,1.4,-0.1,0.4,-1.2,1.7,0.2
2026-01-04,Dallas,17.2,17.2,19,18,17,15.4,18.3,16.4,1.8,0.8,-0.2,-1.8,1.1,-0.8
2026-01-05,Dallas,21.1,21.2,22.2,22.4,23.6,18.4,23.7,20.8,1.1,1.3,2.5,-2.7,2.6,-0.3
2026-01-06,Dallas,25,24.9,24.2,23.9,23.6,19,22.5,21.3,-0.8,-1.1,-1.4,-6,-2.5,-3.7
2026-01-07,Dallas,26.7,26.7,26.2,25,24.2,20.3,24,22.6,-0.5,-1.7,-2.5,-6.4,-2.7,-4.1
2026-01-08,Dallas,26.1,26.2,24.3,26.4,26.4,21.5,25.9,24.1,-1.8,0.3,0.3,-4.6,-0.2,-2.0
2026-01-09,Dallas,22.2,21.2,23.1,23.6,24.2,21.4,22.6,23.9,0.9,1.4,2.0,-0.8,0.4,1.7
2026-01-10,Dallas,15,12.2,18.8,14.3,15.5,18.6,17.4,16,3.8,-0.7,0.5,3.6,2.4,1
2026-01-11,Dallas,16.1,16.2,15.3,14.8,14.2,12.2,14.5,13.1,-0.8,-1.3,-1.9,-3.9,-1.6,-3.0
2026-01-12,Dallas,18.3,18.3,15.7,16.5,16.1,15.1,14.9,14.8,-2.6,-1.8,-2.2,-3.2,-3.4,-3.5
2026-01-13,Dallas,18.9,18.8,16.6,14.9,16.6,17.1,17.4,15.8,-2.3,-4.0,-2.3,-1.8,-1.5,-3.1
2026-01-14,Dallas,16.7,16.7,15.8,15.1,16.8,16.7,14.5,17.3,-0.9,-1.6,0.1,0.0,-2.2,0.6
2026-01-15,Dallas,14.4,14.3,15.2,14.3,13.2,12.1,15,14.2,0.8,-0.1,-1.2,-2.3,0.6,-0.2
2026-01-16,Dallas,15,14.9,15.7,15.3,16.2,13,13.9,14.6,0.7,0.3,1.2,-2,-1.1,-0.4
2026-01-17,Dallas,10.6,6.2,13.7,11.7,13.3,11.7,10.3,13.4,3.1,1.1,2.7,1.1,-0.3,2.8
2026-01-18,Dallas,16.1,16.2,16.2,13.4,15.4,12.8,13.8,14.3,0.1,-2.7,-0.7,-3.3,-2.3,-1.8
2026-01-19,Dallas,12.2,11.7,13.5,12,13.3,12.9,12.2,14.5,1.3,-0.2,1.1,0.7,0.0,2.3
2026-01-20,Dallas,12.2,12.2,13,12.8,13.7,10.8,13,14.7,0.8,0.6,1.5,-1.4,0.8,2.5
2026-01-21,Dallas,18.3,18.3,16,15.8,18,15.2,16.8,15.6,-2.3,-2.5,-0.3,-3.1,-1.5,-2.7
2026-01-22,Dallas,15,11.7,16.5,16.6,16.6,15.1,16.9,14.7,1.5,1.6,1.6,0.1,1.9,-0.3
2026-01-23,Dallas,11.7,11.7,14.4,15.2,14.3,14.1,15.9,12.6,2.7,3.5,2.6,2.4,4.2,0.9
2026-01-24,Dallas,4.4,1.2,2,5.5,4.3,8,3.8,7.2,-2.4,1.1,-0.1,3.6,-0.6,2.8
2026-01-25,Dallas,-6.1,-6.2,-5.2,-1.7,-6.1,-1.1,-4.2,-2.1,0.9,4.4,0.0,5.0,1.9,4.0
2026-01-26,Dallas,0,-0.1,-4.1,-0.2,-2.3,-1.5,-3.7,-5.4,-4.1,-0.2,-2.3,-1.5,-3.7,-5.4
2026-01-27,Dallas,5,4.9,0.8,6.6,4.3,6,0.5,-2.1,-4.2,1.6,-0.7,1,-4.5,-7.1
2026-01-28,Dallas,9.4,9.3,6.8,4.6,8.2,8.8,2.2,-1.5,-2.6,-4.8,-1.2,-0.6,-7.2,-10.9
2026-01-29,Dallas,15,14.9,13.8,11.7,14,11.7,7.1,9.2,-1.2,-3.3,-1,-3.3,-7.9,-5.8
2026-01-30,Dallas,8.9,8.8,9.3,5.7,10.4,10.1,4.8,6.3,0.4,-3.2,1.5,1.2,-4.1,-2.6
2026-01-31,Dallas,5,1.2,8.7,3.8,8,7.1,1.5,7.9,3.7,-1.2,3,2.1,-3.5,2.9
2026-02-01,Dallas,10.6,10.7,12.1,8.9,10.5,10.6,10,10.5,1.5,-1.7,-0.1,0.0,-0.6,-0.1
2026-02-02,Dallas,21.1,21.2,17.5,17.7,18,15.8,20.1,16.6,-3.6,-3.4,-3.1,-5.3,-1.0,-4.5
2026-02-03,Dallas,19.4,19.3,15.5,15.5,17.3,15.9,18,16.7,-3.9,-3.9,-2.1,-3.5,-1.4,-2.7
2026-02-04,Dallas,14.4,12.8,15.6,12.1,15.8,13.9,14.1,14.3,1.2,-2.3,1.4,-0.5,-0.3,-0.1
2026-02-05,Dallas,21.1,21.2,17.4,17.3,19.3,16.5,17.6,17,-3.7,-3.8,-1.8,-4.6,-3.5,-4.1
2026-02-06,Dallas,28.3,28.3,23,22.2,26.4,20.9,24.8,22.3,-5.3,-6.1,-1.9,-7.4,-3.5,-6.0
2026-02-07,Dallas,23.3,22.8,21.1,19.3,23.9,20.3,21.3,20.1,-2.2,-4.0,0.6,-3.0,-2.0,-3.2
2026-02-08,Dallas,26.1,26.2,23,22,23.7,22.2,24.5,20.6,-3.1,-4.1,-2.4,-3.9,-1.6,-5.5
2026-02-09,Dallas,28.9,28.8,24.9,26.7,26.3,22.2,27.3,22.3,-4.0,-2.2,-2.6,-6.7,-1.6,-6.6
2026-02-10,Dallas,25.6,23.3,24.5,23.4,25.7,23.2,25.2,22.6,-1.1,-2.2,0.1,-2.4,-0.4,-3.0
2026-02-11,Dallas,18.9,18.8,22.2,20.8,22.7,23,22.8,18.6,3.3,1.9,3.8,4.1,3.9,-0.3
2026-02-12,Dallas,23.9,23.8,23.1,23.2,23.4,20.1,24,21.3,-0.8,-0.7,-0.5,-3.8,0.1,-2.6
2026-02-13,Dallas,25,24.9,25.4,26.5,26.4,20.9,25.3,21.5,0.4,1.5,1.4,-4.1,0.3,-3.5
2026-02-14,Dallas,23.3,20.7,23.5,24.5,23.3,20.3,24.4,20.1,0.2,1.2,0.0,-3.0,1.1,-3.2
2026-02-15,Dallas,20.6,20.7,20.2,18.2,19.9,18.3,16.4,17.9,-0.4,-2.4,-0.7,-2.3,-4.2,-2.7
2026-02-16,Dallas,21.1,21.2,22.5,22.3,22.2,20.5,19.8,20.9,1.4,1.2,1.1,-0.6,-1.3,-0.2
2026-02-17,Dallas,25,24.9,24.1,22.8,22.5,20.3,23.5,23.1,-0.9,-2.2,-2.5,-4.7,-1.5,-1.9
2026-02-18,Dallas,25,24.9,25.6,23.1,22.7,23.4,23.6,24.7,0.6,-1.9,-2.3,-1.6,-1.4,-0.3
2026-02-19,Dallas,25.6,25.7,25.1,23.2,25.2,23.4,24.4,24.6,-0.5,-2.4,-0.4,-2.2,-1.2,-1.0
2026-02-20,Dallas,21.1,16.2,23.2,20.4,22.7,22.1,21.3,23.4,2.1,-0.7,1.6,1.0,0.2,2.3
2026-01-01,Seattle,4.4,5.7,6.7,6,6.7,6.3,4.1,6.2,2.3,1.6,2.3,1.9,-0.3,1.8
2026-01-02,Seattle,8.9,9.3,10,8.2,7.6,7,7.6,8.8,1.1,-0.7,-1.3,-1.9,-1.3,-0.1
2026-01-03,Seattle,11.7,11.8,10.3,11.4,13.1,10.3,9.3,9.7,-1.4,-0.3,1.4,-1.4,-2.4,-2.0
2026-01-04,Seattle,10,8.8,9.8,9.9,10.1,10.1,9.2,11.3,-0.2,-0.1,0.1,0.1,-0.8,1.3
2026-01-05,Seattle,6.7,6.2,8,6.9,7.6,7.8,7.6,7,1.3,0.2,0.9,1.1,0.9,0.3
2026-01-06,Seattle,6.1,6.8,6.1,5.5,5.8,5.8,5.6,6.1,0.0,-0.6,-0.3,-0.3,-0.5,0.0
2026-01-07,Seattle,6.7,5.7,6,6.4,6.5,6.3,6.7,6.1,-0.7,-0.3,-0.2,-0.4,0.0,-0.6
2026-01-08,Seattle,6.7,6.8,6.2,4.5,6.6,7.1,5.7,5.7,-0.5,-2.2,-0.1,0.4,-1.0,-1.0
2026-01-09,Seattle,10.6,10.7,7.2,9.8,9.9,8.8,9.1,8.1,-3.4,-0.8,-0.7,-1.8,-1.5,-2.5
2026-01-10,Seattle,8.9,8.8,9.1,9,10.8,8.9,8.3,8,0.2,0.1,1.9,0.0,-0.6,-0.9
2026-01-11,Seattle,8.9,9.3,8.3,7.5,9.1,9.4,7.9,9.1,-0.6,-1.4,0.2,0.5,-1.0,0.2
2026-01-12,Seattle,11.1,11.2,9.5,12.1,10.9,10.8,9.3,10.6,-1.6,1.0,-0.2,-0.3,-1.8,-0.5
2026-01-13,Seattle,13.9,13.8,13.8,13.2,14.6,11.4,10.7,11,-0.1,-0.7,0.7,-2.5,-3.2,-2.9
2026-01-14,Seattle,12.2,11.2,12.9,12.1,13.2,11.7,10.7,11.7,0.7,-0.1,1.0,-0.5,-1.5,-0.5
2026-01-15,Seattle,9.4,9.3,10.9,8.6,10.1,8,8.3,8.5,1.5,-0.8,0.7,-1.4,-1.1,-0.9
2026-01-16,Seattle,11.1,11.2,10.9,9.1,11.2,8.9,8.7,9.3,-0.2,-2.0,0.1,-2.2,-2.4,-1.8
2026-01-17,Seattle,11.7,11.7,10.8,9.9,11.4,9.4,9,9.2,-0.9,-1.8,-0.3,-2.3,-2.7,-2.5
2026-01-18,Seattle,9.4,9.3,10.6,8.5,10.4,9.8,8.3,9.5,1.2,-0.9,1.0,0.4,-1.1,0.1
2026-01-19,Seattle,9.4,9.3,10.4,8.9,9.9,9.2,7.6,8.5,1.0,-0.5,0.5,-0.2,-1.8,-0.9
2026-01-20,Seattle,10,9.9,9.3,8.3,8.8,9,7.3,8.5,-0.7,-1.7,-1.2,-1,-2.7,-1.5
2026-01-21,Seattle,7.8,6.7,9.1,7.2,6.2,7.9,6.7,8.3,1.3,-0.6,-1.6,0.1,-1.1,0.5
2026-01-22,Seattle,5,4.3,8.2,6,3.4,7.1,5.8,6.8,3.2,1,-1.6,2.1,0.8,1.8
2026-01-23,Seattle,7.2,7.3,7.7,6.1,6.7,6.6,4.9,6.8,0.5,-1.1,-0.5,-0.6,-2.3,-0.4
2026-01-24,Seattle,6.7,6.8,7.3,5.3,6.8,6.8,4.7,6.6,0.6,-1.4,0.1,0.1,-2.0,-0.1
2026-01-25,Seattle,6.7,6.7,6.3,5.2,6.5,5.8,3.8,5.2,-0.4,-1.5,-0.2,-0.9,-2.9,-1.5
2026-01-26,Seattle,7.8,7.8,7,8.1,8.8,7.4,4.3,5.9,-0.8,0.3,1.0,-0.4,-3.5,-1.9
2026-01-27,Seattle,10,9.9,8.6,10,10,9.5,9.6,6.9,-1.4,0,0,-0.5,-0.4,-3.1
2026-01-28,Seattle,10.6,10.7,8.3,8.9,8.9,10.1,9.8,9.5,-2.3,-1.7,-1.7,-0.5,-0.8,-1.1
2026-01-29,Seattle,10.6,10.7,8.1,11.1,9.7,10.5,11.2,10.5,-2.5,0.5,-0.9,-0.1,0.6,-0.1
2026-01-30,Seattle,11.1,11.8,9,11.5,11.3,10.6,10.6,11.7,-2.1,0.4,0.2,-0.5,-0.5,0.6
2026-01-31,Seattle,13.9,13.8,12.4,14.5,13.6,13.7,13.7,10.7,-1.5,0.6,-0.3,-0.2,-0.2,-3.2
2026-02-01,Seattle,12.2,11.2,11.7,13,12.8,14.1,12,11.6,-0.5,0.8,0.6,1.9,-0.2,-0.6
2026-02-02,Seattle,11.7,11.8,9.6,10.5,11,10,10.7,10,-2.1,-1.2,-0.7,-1.7,-1.0,-1.7
2026-02-03,Seattle,11.7,11.8,11.6,14.2,13.3,12.7,11.1,10.5,-0.1,2.5,1.6,1.0,-0.6,-1.2
2026-02-04,Seattle,16.1,16.2,15.2,16,13.4,14.6,14.8,13.4,-0.9,-0.1,-2.7,-1.5,-1.3,-2.7
2026-02-05,Seattle,15,13.3,14.5,15.7,14.1,15,13.1,12.8,-0.5,0.7,-0.9,0,-1.9,-2.2
2026-02-06,Seattle,13.9,13.8,14.1,15,13.9,13.5,12.6,12.7,0.2,1.1,0.0,-0.4,-1.3,-1.2
2026-02-07,Seattle,12.2,10.7,13.3,14.2,14.4,14.1,12.5,13.2,1.1,2.0,2.2,1.9,0.3,1.0
2026-02-08,Seattle,10.6,9.3,10.2,10.5,11,11.4,10.6,10.5,-0.4,-0.1,0.4,0.8,0.0,-0.1
2026-02-09,Seattle,10,9.9,8.9,9.1,10.1,10.2,8.7,9.8,-1.1,-0.9,0.1,0.2,-1.3,-0.2
2026-02-10,Seattle,12.2,12.3,10.2,10.4,11.2,10.7,9.9,10.4,-2.0,-1.8,-1.0,-1.5,-2.3,-1.8
2026-02-11,Seattle,10.6,10.7,10.3,10,10.5,11.4,9.3,11,-0.3,-0.6,-0.1,0.8,-1.3,0.4
2026-02-12,Seattle,11.1,11.2,11.4,11.1,10,10.1,8.9,10.1,0.3,0.0,-1.1,-1.0,-2.2,-1.0
2026-02-13,Seattle,10,8.3,11.5,11,10.4,10.7,9.8,11.6,1.5,1,0.4,0.7,-0.2,1.6
2026-02-14,Seattle,8.9,8.8,7.7,7.9,8,7.9,8.9,8.7,-1.2,-1.0,-0.9,-1.0,0.0,-0.2
2026-02-15,Seattle,7.8,7.8,7.9,7.6,7.5,7.6,7,9.3,0.1,-0.2,-0.3,-0.2,-0.8,1.5
2026-02-16,Seattle,7.2,4.9,6.3,6.7,7.2,6.4,6.9,7.8,-0.9,-0.5,0.0,-0.8,-0.3,0.6
2026-02-17,Seattle,7.8,7.8,7.3,6.1,5.8,6.3,6.4,5.4,-0.5,-1.7,-2.0,-1.5,-1.4,-2.4
2026-02-18,Seattle,5,4.9,5,5.8,6.4,6.6,6.5,5.3,0,0.8,1.4,1.6,1.5,0.3
2026-02-19,Seattle,5,4.9,4.5,3,4.9,6.8,6.1,5.4,-0.5,-2,-0.1,1.8,1.1,0.4
2026-02-20,Seattle,5.6,6.7,5.2,2.9,5,5.1,5.4,5.4,-0.4,-2.7,-0.6,-0.5,-0.2,-0.2
2026-01-01,Toronto,-7.2,-6.3,-5,-7.6,-6.8,-4.8,-5.6,-7.6,2.2,-0.4,0.4,2.4,1.6,-0.4
2026-01-02,Toronto,-3.9,-3.5,-4.9,-6.5,-7.2,-6.1,-4.3,-5.4,-1.0,-2.6,-3.3,-2.2,-0.4,-1.5
2026-01-03,Toronto,-2.8,-2.1,-5.3,-5.5,-5.8,-4,-4.1,-5.8,-2.5,-2.7,-3.0,-1.2,-1.3,-3.0
2026-01-04,Toronto,-1.1,-0.7,-4.3,-5.2,-5.6,-3.4,-3.7,-4.1,-3.2,-4.1,-4.5,-2.3,-2.6,-3.0
2026-01-05,Toronto,0,0.9,-0.4,-1.8,-2.6,-0.2,-0.1,-2.1,-0.4,-1.8,-2.6,-0.2,-0.1,-2.1
2026-01-06,Toronto,1.1,1.4,1.2,0.8,-0.2,0.6,0.9,0.5,0.1,-0.3,-1.3,-0.5,-0.2,-0.6
2026-01-07,Toronto,2.8,3.4,2,1.9,1.5,1.7,3.7,2.4,-0.8,-0.9,-1.3,-1.1,0.9,-0.4
2026-01-08,Toronto,6.1,6.3,3.2,2.5,3.3,2.6,5.7,3.4,-2.9,-3.6,-2.8,-3.5,-0.4,-2.7
2026-01-09,Toronto,15,13.1,11.6,11.8,10.1,9.6,11.9,13.2,-3.4,-3.2,-4.9,-5.4,-3.1,-1.8
2026-01-10,Toronto,5,4.2,3.5,3.8,4.2,3.8,3.3,5.3,-1.5,-1.2,-0.8,-1.2,-1.7,0.3
2026-01-11,Toronto,2.2,3.0,3.9,1.8,0.7,1.9,1.5,1.8,1.7,-0.4,-1.5,-0.3,-0.7,-0.4
2026-01-12,Toronto,0,0.8,0.8,0.1,-0.4,0.8,-0.4,1.3,0.8,0.1,-0.4,0.8,-0.4,1.3
2026-01-13,Toronto,3.9,5.4,3.6,2.8,1.5,1.9,2.2,2.1,-0.3,-1.1,-2.4,-2.0,-1.7,-1.8
2026-01-14,Toronto,5,5.3,3.7,3.4,2.4,2.8,3.6,3,-1.3,-1.6,-2.6,-2.2,-1.4,-2
2026-01-15,Toronto,-2.8,-6.8,-4.4,-5,-3.9,-5.2,-5.1,-3.3,-1.6,-2.2,-1.1,-2.4,-2.3,-0.5
2026-01-16,Toronto,-2.8,0.1,-2.8,-3.3,-4.6,-2.3,-3.9,-4.2,0.0,-0.5,-1.8,0.5,-1.1,-1.4
2026-01-17,Toronto,2.2,2.3,0.3,0.6,0.1,1.4,2.6,1,-1.9,-1.6,-2.1,-0.8,0.4,-1.2
2026-01-18,Toronto,-2.2,-4.8,-4.5,-3.6,-2.4,0.4,-4.2,-3.3,-2.3,-1.4,-0.2,2.6,-2.0,-1.1
2026-01-19,Toronto,-5,-4.6,-4.6,-7.2,-6.4,-4.5,-7.3,-5.5,0.4,-2.2,-1.4,0.5,-2.3,-0.5
2026-01-20,Toronto,-7.8,-9.2,-9.1,-10,-9.5,-8.7,-11.1,-10.7,-1.3,-2.2,-1.7,-0.9,-3.3,-2.9
2026-01-21,Toronto,-2.2,0.1,-1.8,-2.1,-3.3,-0.4,-2.4,-2.2,0.4,0.1,-1.1,1.8,-0.2,0.0
2026-01-22,Toronto,-1.1,-0.1,-2.5,-1.8,-2.6,-0.3,-1.3,-1.2,-1.4,-0.7,-1.5,0.8,-0.2,-0.1
2026-01-23,Toronto,-7.8,-7.6,-7.6,-9.6,-10.4,-5.8,-9.8,-7.4,0.2,-1.8,-2.6,2.0,-2.0,0.4
2026-01-24,Toronto,-11.1,-10.2,-10.2,-12.4,-16.3,-12.4,-12.5,-13.2,0.9,-1.3,-5.2,-1.3,-1.4,-2.1
2026-01-25,Toronto,-8.9,-8.1,-8,-8.7,-11.2,-10,-8.4,-9.2,0.9,0.2,-2.3,-1.1,0.5,-0.3
2026-01-26,Toronto,-8.9,-8.6,-7.8,-11.5,-11,-8.6,-7.9,-10.8,1.1,-2.6,-2.1,0.3,1.0,-1.9
2026-01-27,Toronto,-8.9,-7.9,-9.4,-11.7,-12.3,-8.1,-9.3,-9.4,-0.5,-2.8,-3.4,0.8,-0.4,-0.5
2026-01-28,Toronto,-8.9,-8.3,-9.2,-11.1,-12.9,-8.4,-11.1,-10,-0.3,-2.2,-4.0,0.5,-2.2,-1.1
2026-01-29,Toronto,-11.1,-10.0,-9.4,-12.1,-13.4,-10.4,-12.8,-11,1.7,-1.0,-2.3,0.7,-1.7,0.1
2026-01-30,Toronto,-10,-9.5,-12.3,-16,-14.8,-14.5,-12.3,-12.8,-2.3,-6,-4.8,-4.5,-2.3,-2.8
2026-01-31,Toronto,-10,-10.1,-10.9,-13.8,-12.5,-13.4,-11.2,-11.7,-0.9,-3.8,-2.5,-3.4,-1.2,-1.7
2026-02-01,Toronto,-5,-5.1,-8.6,-9.1,-6.6,-9.6,-6.4,-8.9,-3.6,-4.1,-1.6,-4.6,-1.4,-3.9
2026-02-02,Toronto,-5,-5.1,-4.4,-9.1,-4.2,-5.9,-6.1,-7.6,0.6,-4.1,0.8,-0.9,-1.1,-2.6
2026-02-03,Toronto,-2.8,-3.1,-3.6,-3.8,-4.7,-4.2,-3.6,-4.1,-0.8,-1.0,-1.9,-1.4,-0.8,-1.3
2026-02-04,Toronto,-5,-5.1,-5.4,-6.4,-5.6,-7.1,-6.1,-6.2,-0.4,-1.4,-0.6,-2.1,-1.1,-1.2
2026-02-05,Toronto,-5,-5.1,-5.6,-6.3,-6.4,-5.7,-6.1,-6.5,-0.6,-1.3,-1.4,-0.7,-1.1,-1.5
2026-02-06,Toronto,-2.8,-3.1,-3,-3.9,-2.7,-3.5,-3.6,-4.8,-0.2,-1.1,0.1,-0.7,-0.8,-2.0
2026-02-07,Toronto,-3.9,-13.2,-5.2,-4.8,-3.7,-4.4,-4.9,-7.9,-1.3,-0.9,0.2,-0.5,-1.0,-4.0
2026-02-08,Toronto,-12.8,-13.1,-12.6,-16.1,-15.1,-15.8,-12.5,-15.3,0.2,-3.3,-2.3,-3.0,0.3,-2.5
2026-02-09,Toronto,-7.8,-7.1,-9.1,-9.9,-11,-10.8,-9.4,-10.3,-1.3,-2.1,-3.2,-3.0,-1.6,-2.5
2026-02-10,Toronto,2.2,1.9,1.1,-1.5,0.7,-3.3,-1.4,-0.8,-1.1,-3.7,-1.5,-5.5,-3.6,-3.0
2026-02-11,Toronto,1.1,0.9,1.4,0,0,-1.6,1.4,-0.5,0.3,-1.1,-1.1,-2.7,0.3,-1.6
2026-02-12,Toronto,-2.2,-3.1,-4,-2.5,-2.8,-3.3,-2.5,-3.4,-1.8,-0.3,-0.6,-1.1,-0.3,-1.2
2026-02-13,Toronto,-1.1,-1.1,-1.1,-2.6,-2.3,-2.4,-0.5,-3.6,0.0,-1.5,-1.2,-1.3,0.6,-2.5
2026-02-14,Toronto,2.2,1.9,0.9,1.2,1.2,-0.9,2.9,0.3,-1.3,-1.0,-1.0,-3.1,0.7,-1.9
2026-02-15,Toronto,1.1,0.9,-0.3,-1.8,-0.1,-1.4,0.1,-0.4,-1.4,-2.9,-1.2,-2.5,-1.0,-1.5
2026-02-16,Toronto,2.2,1.9,1.4,0.3,1,1.4,4.5,0.1,-0.8,-1.9,-1.2,-0.8,2.3,-2.1
2026-02-17,Toronto,7.8,7.9,2.9,3.5,7,2.9,5.9,2.1,-4.9,-4.3,-0.8,-4.9,-1.9,-5.7
2026-02-18,Toronto,2.8,2.9,0.2,-0.1,2.6,0.2,0.8,-1.1,-2.6,-2.9,-0.2,-2.6,-2.0,-3.9
2026-02-19,Toronto,1.1,1.9,-0.8,-1.4,0.2,-1.6,1.1,-0.8,-1.9,-2.5,-0.9,-2.7,0.0,-1.9
2026-02-20,Toronto,2.2,2.2,1.6,1.7,3.7,0.2,1.4,0.3,-0.6,-0.5,1.5,-2.0,-0.8,-1.9
2026-01-01,London,6.1,5.9,5.4,5.6,5.8,4.6,5.1,6.4,-0.7,-0.5,-0.3,-1.5,-1.0,0.3
2026-01-02,London,3.9,3.9,3.3,3.7,3.6,3.3,3.5,4.5,-0.6,-0.2,-0.3,-0.6,-0.4,0.6
2026-01-03,London,2.8,2.9,2.2,2.2,2.3,2.3,1.3,2.4,-0.6,-0.6,-0.5,-0.5,-1.5,-0.4
2026-01-04,London,2.8,2.9,1.6,2.1,1.6,1,1.5,1.7,-1.2,-0.7,-1.2,-1.8,-1.3,-1.1
2026-01-05,London,2.2,1.9,1.3,1.1,0.9,0.5,1.3,1.4,-0.9,-1.1,-1.3,-1.7,-0.9,-0.8
2026-01-06,London,5,4.9,3.7,3,3.1,3.9,3.9,4.6,-1.3,-2,-1.9,-1.1,-1.1,-0.4
2026-01-07,London,6.1,5.9,4,4.6,5.5,4.2,5.4,5.3,-2.1,-1.5,-0.6,-1.9,-0.7,-0.8
2026-01-08,London,7.8,6.9,8.8,7.7,5.2,6.1,9.3,6.9,1.0,-0.1,-2.6,-1.7,1.5,-0.9
2026-01-09,London,7.2,6.9,5.9,6.1,4.2,6.5,7.3,7.4,-1.3,-1.1,-3.0,-0.7,0.1,0.2
2026-01-10,London,2.8,2.9,2.9,3.3,3.8,3.6,2.7,4.2,0.1,0.5,1.0,0.8,-0.1,1.4
2026-01-11,London,10,8.9,9.1,9.3,8.7,11.4,10.3,9.8,-0.9,-0.7,-1.3,1.4,0.3,-0.2
2026-01-12,London,11.1,10.9,10.9,11,11.8,12,10.8,10.9,-0.2,-0.1,0.7,0.9,-0.3,-0.2
2026-01-13,London,11.1,10.9,10.1,10.5,10.7,10.6,10.3,9.9,-1.0,-0.6,-0.4,-0.5,-0.8,-1.2
2026-01-14,London,10,9.9,8.9,8.7,9.4,9.1,9.6,7.9,-1.1,-1.3,-0.6,-0.9,-0.4,-2.1
2026-01-15,London,10,9.9,9.2,8.9,8.8,9.2,8.8,9,-0.8,-1.1,-1.2,-0.8,-1.2,-1
2026-01-16,London,10,9.9,9.2,9.4,9.7,9.2,9.1,9,-0.8,-0.6,-0.3,-0.8,-0.9,-1
2026-01-17,London,11.1,10.9,9.1,9.2,10.1,8.2,9.9,9,-2.0,-1.9,-1.0,-2.9,-1.2,-2.1
2026-01-18,London,11.1,10.9,9,9.6,9.2,9.2,11.3,9.8,-2.1,-1.5,-1.9,-1.9,0.2,-1.3
2026-01-19,London,11.1,10.9,9.5,10.3,10.6,10.5,10.8,9.9,-1.6,-0.8,-0.5,-0.6,-0.3,-1.2
2026-01-20,London,10,9.9,9.3,9.3,9.7,9.4,9.5,9.6,-0.7,-0.7,-0.3,-0.6,-0.5,-0.4
2026-01-21,London,10,9.9,9.9,9.6,9.4,8.9,8.8,9.2,-0.1,-0.4,-0.6,-1.1,-1.2,-0.8
2026-01-22,London,8.9,9.9,9.6,9.7,9.6,9.7,9.2,9.4,0.7,0.8,0.7,0.8,0.3,0.5
2026-01-23,London,8.9,8.9,8.1,7.7,8,8.1,7.2,7.5,-0.8,-1.2,-0.9,-0.8,-1.7,-1.4
2026-01-24,London,10,8.9,8.8,8.2,8.5,9.3,8.5,8.7,-1.2,-1.8,-1.5,-0.7,-1.5,-1.3
2026-01-25,London,7.8,7.9,7.8,7.3,8.6,7.5,7.5,6.4,0.0,-0.5,0.8,-0.3,-0.3,-1.4
2026-01-26,London,6.1,5.9,6.3,6.9,7.5,6.3,5.7,7.1,0.2,0.8,1.4,0.2,-0.4,1.0
2026-01-27,London,10,9.9,9,9.5,10,9.6,9.7,9.5,-1,-0.5,0,-0.4,-0.3,-0.5
2026-01-28,London,10,9.9,8.5,8,9.7,8.1,8.3,8.5,-1.5,-2,-0.3,-1.9,-1.7,-1.5
2026-01-29,London,7.2,6.9,8.5,6.6,7.8,6.6,6,7.3,1.3,-0.6,0.6,-0.6,-1.2,0.1
2026-01-30,London,11.1,10.9,9.8,9.5,9.5,10.4,9.6,10,-1.3,-1.6,-1.6,-0.7,-1.5,-1.1
2026-01-31,London,11.1,10.9,7.6,9.7,10.4,9,8.3,8.5,-3.5,-1.4,-0.7,-2.1,-2.8,-2.6
2026-02-01,London,8.9,8.9,10.1,9.8,9.7,9,9.3,8.5,1.2,0.9,0.8,0.1,0.4,-0.4
2026-02-02,London,7.8,7.9,7.7,7.8,8.7,6.6,7.2,7.9,-0.1,0.0,0.9,-1.2,-0.6,0.1
2026-02-03,London,7.2,6.9,7,6,7.2,6.5,7.4,7.3,-0.2,-1.2,0.0,-0.7,0.2,0.1
2026-02-04,London,10,9.9,10.1,10.3,10.2,8.8,8.8,9.1,0.1,0.3,0.2,-1.2,-1.2,-0.9
2026-02-05,London,7.8,7.9,9.6,8.7,10,10.1,9.2,10.1,1.8,0.9,2.2,2.3,1.4,2.3
2026-02-06,London,12.2,10.9,8.3,9.2,10.5,8.4,9.1,9.4,-3.9,-3.0,-1.7,-3.8,-3.1,-2.8
2026-02-07,London,11.1,9.9,11,10.5,11.2,11.6,10.1,9.7,-0.1,-0.6,0.1,0.5,-1.0,-1.4
2026-02-08,London,11.1,10.9,10,10.6,10.7,10.7,10.5,10.6,-1.1,-0.5,-0.4,-0.4,-0.6,-0.5
2026-02-09,London,8.9,8.9,10.8,10.7,10.9,10.5,10.2,10.5,1.9,1.8,2.0,1.6,1.3,1.6
2026-02-10,London,12.2,11.9,11.7,11.7,12.8,11.2,10.8,10.9,-0.5,-0.5,0.6,-1.0,-1.4,-1.3
2026-02-11,London,12.2,11.9,11.7,11.6,12.4,12.5,10.8,11.9,-0.5,-0.6,0.2,0.3,-1.4,-0.3
2026-02-12,London,11.1,9.9,10.6,8.9,10.3,11.4,9.3,7.7,-0.5,-2.2,-0.8,0.3,-1.8,-3.4
2026-02-13,London,7.8,7.9,7.3,7,5.3,6.4,6.9,6,-0.5,-0.8,-2.5,-1.4,-0.9,-1.8
2026-02-14,London,6.1,5.9,6.2,6,6.1,5.3,4.9,6.3,0.1,-0.1,0.0,-0.8,-1.2,0.2
2026-02-15,London,8.9,8.9,9.2,8,8.2,10.3,9.3,8.6,0.3,-0.9,-0.7,1.4,0.4,-0.3
2026-02-16,London,10,8.9,8.8,8.6,9.4,8.3,6.9,8.6,-1.2,-1.4,-0.6,-1.7,-3.1,-1.4
2026-02-17,London,7.2,6.9,5.6,6.8,6.8,6.2,4.5,7,-1.6,-0.4,-0.4,-1.0,-2.7,-0.2
2026-02-18,London,6.1,5.9,5.3,5.6,5,6.5,6.4,5.3,-0.8,-0.5,-1.1,0.4,0.3,-0.8
2026-02-19,London,7.2,5.9,7.4,7.3,6.5,6.8,9.5,4.8,0.2,0.1,-0.7,-0.4,2.3,-2.4
2026-02-20,London,12.2,11.9,10.7,11,12,11,10.5,11.4,-1.5,-1.2,-0.2,-1.2,-1.7,-0.8
2026-01-01,Seoul,-3.9,-4.1,-2.5,-3.9,-5,-4.4,-5.7,-4.5,1.4,0.0,-1.1,-0.5,-1.8,-0.6
2026-01-02,Seoul,-3.9,-4.1,0.3,-4.3,-3.8,-2.4,-5.7,-3,4.2,-0.4,0.1,1.5,-1.8,0.9
2026-01-03,Seoul,0,-0.1,4.5,1.2,1.5,4.8,-0.6,3,4.5,1.2,1.5,4.8,-0.6,3
2026-01-04,Seoul,2.8,2.9,3.9,2.1,2.2,4.1,1,2,1.1,-0.7,-0.6,1.3,-1.8,-0.8
2026-01-05,Seoul,1.1,0.9,1.9,0.7,1.7,1.3,0.4,0,0.8,-0.4,0.6,0.2,-0.7,-1.1
2026-01-06,Seoul,5,3.9,5.9,4,4.6,5.9,3.4,4.5,0.9,-1,-0.4,0.9,-1.6,-0.5
2026-01-07,Seoul,2.2,4.9,2.4,0,0.4,1.8,0.3,1.2,0.2,-2.2,-1.8,-0.4,-1.9,-1.0
2026-01-08,Seoul,-2.2,-2.1,4.2,0.1,0,4.3,-2.4,3.7,6.4,2.3,2.2,6.5,-0.2,5.9
2026-01-09,Seoul,7.8,6.9,7.9,6.8,7.2,7.9,6.2,6.5,0.1,-1.0,-0.6,0.1,-1.6,-1.3
2026-01-10,Seoul,6.1,7.9,5,3.9,4.4,4.3,4.9,5.3,-1.1,-2.2,-1.7,-1.8,-1.2,-0.8
2026-01-11,Seoul,-2.8,-4.1,-2.5,-5.2,-5.1,-3,-5.1,-3.2,0.3,-2.4,-2.3,-0.2,-2.3,-0.4
2026-01-12,Seoul,3.9,2.9,6.1,4.7,5.3,6.4,3.9,5.1,2.2,0.8,1.4,2.5,0.0,1.2
2026-01-13,Seoul,-2.2,2.9,-0.9,-2.8,-3,-1.3,-2.8,0.9,1.3,-0.6,-0.8,0.9,-0.6,3.1
2026-01-14,Seoul,7.2,1.9,7.3,5.8,2.1,7.8,6.3,5.4,0.1,-1.4,-5.1,0.6,-0.9,-1.8
2026-01-15,Seoul,8.9,8.9,5.6,6,5.5,6.2,8.9,4.1,-3.3,-2.9,-3.4,-2.7,0.0,-4.8
2026-01-16,Seoul,6.1,5.9,4.4,4.1,4.8,3.6,7,2.3,-1.7,-2.0,-1.3,-2.5,0.9,-3.8
2026-01-17,Seoul,0,1.9,0.7,-0.2,-0.6,-0.1,0.8,0.5,0.7,-0.2,-0.6,-0.1,0.8,0.5
2026-01-18,Seoul,2.2,1.9,2.5,3.7,1.8,1.3,3.9,3.1,0.3,1.5,-0.4,-0.9,1.7,0.9
2026-01-19,Seoul,-2.8,-0.1,-1.2,-3,-3.7,-1.4,-2.5,-2.6,1.6,-0.2,-0.9,1.4,0.3,0.2
2026-01-20,Seoul,-6.1,-6.1,-4,-5,-5.8,-5.3,-5.8,-4.3,2.1,1.1,0.3,0.8,0.3,1.8
2026-01-21,Seoul,-6.1,-6.1,-4.7,-6.1,-6.6,-6.1,-7.7,-6.4,1.4,0.0,-0.5,0.0,-1.6,-0.3
2026-01-22,Seoul,-5,-5.1,-3.4,-5.5,-5.6,-3.6,-6,-4.2,1.6,-0.5,-0.6,1.4,-1,0.8
2026-01-23,Seoul,-1.1,-1.1,1.9,-2.1,-0.4,1.8,-2.7,-0.4,3.0,-1.0,0.7,2.9,-1.6,0.7
2026-01-24,Seoul,-2.2,-2.1,-1.2,-2.3,-3.7,-1.7,-2.7,-2,1.0,-0.1,-1.5,0.5,-0.5,0.2
2026-01-25,Seoul,-2.8,-3.1,-2.7,-4,-4.2,-2.6,-4,-4.2,0.1,-1.2,-1.4,0.2,-1.2,-1.4
2026-01-26,Seoul,-1.1,-1.1,1.2,-1.4,-0.3,-0.6,-3.8,0.5,2.3,-0.3,0.8,0.5,-2.7,1.6
2026-01-27,Seoul,-1.1,-2.1,-1.8,-2.3,-2.2,-2,-2.9,-2.6,-0.7,-1.2,-1.1,-0.9,-1.8,-1.5
2026-01-28,Seoul,-2.2,-2.1,-1.6,-2.4,-2.5,-2.1,-2.7,-2.4,0.6,-0.2,-0.3,0.1,-0.5,-0.2
2026-01-29,Seoul,-1.1,-2.1,-1.7,-2.3,-3,-3.1,-3.1,-3.1,-0.6,-1.2,-1.9,-2.0,-2.0,-2.0
2026-01-30,Seoul,-2.8,-4.1,-2.9,-2.9,-3.8,-3.2,-5.1,-3.6,-0.1,-0.1,-1.0,-0.4,-2.3,-0.8
2026-01-31,Seoul,-1.1,-1.1,0.7,-0.3,-0.6,0.3,-1.7,0.2,1.8,0.8,0.5,1.4,-0.6,1.3
2026-02-01,Seoul,0,-0.1,3,0.4,-0.5,2.9,0.3,1.1,3,0.4,-0.5,2.9,0.3,1.1
2026-02-02,Seoul,0,-0.1,-0.3,-1,-0.7,-0.8,-0.2,-1.7,-0.3,-1,-0.7,-0.8,-0.2,-1.7
2026-02-03,Seoul,2.8,2.9,3.1,0.9,1.3,3.5,2.6,1.6,0.3,-1.9,-1.5,0.7,-0.2,-1.2
2026-02-04,Seoul,7.2,6.9,4.4,6.1,4.8,5.5,6,2.9,-2.8,-1.1,-2.4,-1.7,-1.2,-4.3
2026-02-05,Seoul,7.8,8.9,4.6,5.9,5.4,5.1,8.6,2.8,-3.2,-1.9,-2.4,-2.7,0.8,-5.0
2026-02-06,Seoul,-5,-4.1,-5.3,-5.1,-6.7,-5.8,-6.8,-6.8,-0.3,-0.1,-1.7,-0.8,-1.8,-1.8
2026-02-07,Seoul,-5,-5.1,-4.4,-5.3,-4.9,-6.2,-5.6,-5.3,0.6,-0.3,0.1,-1.2,-0.6,-0.3
2026-02-08,Seoul,-3.9,-4.1,-0.7,-3.2,-4,-1.6,-4.2,-3.4,3.2,0.7,-0.1,2.3,-0.3,0.5
2026-02-09,Seoul,2.2,1.9,3.1,2.2,1.1,3.9,3.4,1.4,0.9,0.0,-1.1,1.7,1.2,-0.8
2026-02-10,Seoul,2.8,2.9,3.3,3.6,3.6,3.7,3.2,1.6,0.5,0.8,0.8,0.9,0.4,-1.2
2026-02-11,Seoul,3.9,3.9,3.2,4.2,2.7,3.5,4.7,1.7,-0.7,0.3,-1.2,-0.4,0.8,-2.2
2026-02-12,Seoul,7.2,6.9,4,5.6,4.6,4.7,5.8,3,-3.2,-1.6,-2.6,-2.5,-1.4,-4.2
2026-02-13,Seoul,8.9,8.9,4.6,7.8,6.3,6,8.6,3.7,-4.3,-1.1,-2.6,-2.9,-0.3,-5.2
2026-02-14,Seoul,11.1,10.9,5.2,8.1,7.7,6.5,8.9,3.2,-5.9,-3.0,-3.4,-4.6,-2.2,-7.9
2026-02-15,Seoul,7.8,7.9,3.6,6,4.8,2.7,8.4,2.7,-4.2,-1.8,-3.0,-5.1,0.6,-5.1
2026-02-16,Seoul,5,4.9,3.5,4.1,3,2.4,4.6,2,-1.5,-0.9,-2,-2.6,-0.4,-3
2026-02-17,Seoul,3.9,3.9,3.9,3.1,2.9,3.6,3.6,3,0.0,-0.8,-1.0,-0.3,-0.3,-0.9
2026-02-18,Seoul,6.1,5.9,3.5,3.7,4.1,4.1,4.1,2.5,-2.6,-2.4,-2.0,-2.0,-2.0,-3.6
2026-02-19,Seoul,5,4.9,3.5,3.2,2.7,3.4,3.6,2.8,-1.5,-1.8,-2.3,-1.6,-1.4,-2.2
2026-02-20,Seoul,11.1,10.9,5.7,9,6.9,6.9,9.4,5.2,-5.4,-2.1,-4.2,-4.2,-1.7,-5.9
2026-01-01,Buenos Aires,31.1,30.9,34,32.8,31,34.6,28.6,36.3,2.9,1.7,-0.1,3.5,-2.5,5.2
2026-01-02,Buenos Aires,28.9,28.9,32.2,30.4,27.9,26.6,28.1,28.6,3.3,1.5,-1.0,-2.3,-0.8,-0.3
2026-01-03,Buenos Aires,22.8,22.9,26.5,25.1,22.9,25.5,22.2,27.3,3.7,2.3,0.1,2.7,-0.6,4.5
2026-01-04,Buenos Aires,25,24.9,28.5,24.6,24.5,24.5,25,24,3.5,-0.4,-0.5,-0.5,0,-1
2026-01-05,Buenos Aires,28.9,28.9,32.3,28.9,28.1,28.4,28.9,29.6,3.4,0.0,-0.8,-0.5,0.0,0.7
2026-01-06,Buenos Aires,32.2,31.9,35.7,32.2,31.3,31.9,31.4,32.3,3.5,0.0,-0.9,-0.3,-0.8,0.1
2026-01-07,Buenos Aires,28.9,28.9,34.5,27.5,28.2,26.3,31.5,31.3,5.6,-1.4,-0.7,-2.6,2.6,2.4
2026-01-08,Buenos Aires,26.1,25.9,28.8,25.2,25.3,24,25.5,26.9,2.7,-0.9,-0.8,-2.1,-0.6,0.8
2026-01-09,Buenos Aires,26.1,25.9,27,26.1,26.9,27.2,25.3,27.7,0.9,0.0,0.8,1.1,-0.8,1.6
2026-01-10,Buenos Aires,23.9,23.9,31.1,25.2,26.5,22.9,26.8,25.1,7.2,1.3,2.6,-1.0,2.9,1.2
2026-01-11,Buenos Aires,35,34.9,35.5,32.9,34.7,28.6,25.4,34,0.5,-2.1,-0.3,-6.4,-9.6,-1
2026-01-12,Buenos Aires,38.9,38.9,39.5,35.7,36.2,34.7,35.1,34.1,0.6,-3.2,-2.7,-4.2,-3.8,-4.8
2026-01-13,Buenos Aires,32.8,32.9,36.2,29.7,32.6,30,33.6,32.9,3.4,-3.1,-0.2,-2.8,0.8,0.1
2026-01-14,Buenos Aires,36.1,35.9,38.8,34.2,36,28.6,33.5,34.9,2.7,-1.9,-0.1,-7.5,-2.6,-1.2
2026-01-15,Buenos Aires,35,34.9,34.6,31.1,32.3,30.2,31,34.5,-0.4,-3.9,-2.7,-4.8,-4,-0.5
2026-01-16,Buenos Aires,31.1,30.9,31.7,30.4,29.5,27.5,28.2,29.8,0.6,-0.7,-1.6,-3.6,-2.9,-1.3
2026-01-17,Buenos Aires,35,34.9,37.7,31.9,35.7,32.9,33,34.1,2.7,-3.1,0.7,-2.1,-2,-0.9
2026-01-18,Buenos Aires,28.9,26.9,30.5,28.6,28.4,29.2,26.2,34.4,1.6,-0.3,-0.5,0.3,-2.7,5.5
2026-01-19,Buenos Aires,25,24.9,27.3,25.5,26.3,24.3,24.9,24.4,2.3,0.5,1.3,-0.7,-0.1,-0.6
2026-01-20,Buenos Aires,28.9,28.9,30.6,28.4,29,26.4,27.3,28.3,1.7,-0.5,0.1,-2.5,-1.6,-0.6
2026-01-21,Buenos Aires,31.1,30.9,33.7,29.8,31.2,29,30.2,31.3,2.6,-1.3,0.1,-2.1,-0.9,0.2
2026-01-22,Buenos Aires,31.1,30.9,35.1,30.8,32.3,29.9,30.9,31.5,4.0,-0.3,1.2,-1.2,-0.2,0.4
2026-01-23,Buenos Aires,33.9,33.9,36.2,33.2,34.1,32.4,33.4,34.3,2.3,-0.7,0.2,-1.5,-0.5,0.4
2026-01-24,Buenos Aires,32.8,32.9,37.2,35.4,36.2,33.8,34.2,35.5,4.4,2.6,3.4,1.0,1.4,2.7
2026-01-25,Buenos Aires,35,34.9,38,34.3,34.5,34,32.1,35.6,3,-0.7,-0.5,-1,-2.9,0.6
2026-01-26,Buenos Aires,37.2,36.9,40.1,38,37.6,36.2,36.7,36.4,2.9,0.8,0.4,-1.0,-0.5,-0.8
2026-01-27,Buenos Aires,32.8,32.9,40.1,33.5,34.7,31.7,34.3,35.3,7.3,0.7,1.9,-1.1,1.5,2.5
2026-01-28,Buenos Aires,32.8,32.9,36.2,32.5,34.7,29.5,33,32.9,3.4,-0.3,1.9,-3.3,0.2,0.1
2026-01-29,Buenos Aires,35,34.9,36.8,32.4,31.3,30.4,28.2,31.6,1.8,-2.6,-3.7,-4.6,-6.8,-3.4
2026-01-30,Buenos Aires,31.1,30.9,34.2,29.9,30.1,25.9,29.1,29.4,3.1,-1.2,-1.0,-5.2,-2.0,-1.7
2026-01-31,Buenos Aires,32.2,31.9,32.2,29.5,29.1,28.8,28.6,28.4,0.0,-2.7,-3.1,-3.4,-3.6,-3.8
2026-02-01,Buenos Aires,33.9,33.9,38.7,31.8,32.5,31.2,32.6,31.8,4.8,-2.1,-1.4,-2.7,-1.3,-2.1
2026-02-02,Buenos Aires,36.1,35.9,41.2,35.2,35.4,33.8,32.1,34.5,5.1,-0.9,-0.7,-2.3,-4.0,-1.6
2026-02-03,Buenos Aires,37.2,36.9,38,37,37.7,30.6,34.1,36.3,0.8,-0.2,0.5,-6.6,-3.1,-0.9
2026-02-04,Buenos Aires,27.2,26.9,36.1,34.2,34.5,28.2,31.5,33,8.9,7.0,7.3,1.0,4.3,5.8
2026-02-05,Buenos Aires,30,29.9,34.2,32,28.6,24.9,29.4,28.2,4.2,2,-1.4,-5.1,-0.6,-1.8
2026-02-06,Buenos Aires,31.1,30.9,31.5,28,27.8,26.7,25.4,29.4,0.4,-3.1,-3.3,-4.4,-5.7,-1.7
2026-02-07,Buenos Aires,32.8,32.9,35.4,28.8,27.3,28.8,27.3,32.3,2.6,-4.0,-5.5,-4.0,-5.5,-0.5
2026-02-08,Buenos Aires,33.9,33.9,36.5,30.9,30.6,30.3,31.7,31.6,2.6,-3.0,-3.3,-3.6,-2.2,-2.3
2026-02-09,Buenos Aires,33.9,33.9,35.6,30.7,29,31.3,31.5,30.4,1.7,-3.2,-4.9,-2.6,-2.4,-3.5
2026-02-10,Buenos Aires,36.1,35.9,38.4,33.4,33.2,31,33.7,33.5,2.3,-2.7,-2.9,-5.1,-2.4,-2.6
2026-02-11,Buenos Aires,32.2,31.9,32.5,30.8,28.7,29,29.1,32.2,0.3,-1.4,-3.5,-3.2,-3.1,0.0
2026-02-12,Buenos Aires,31.1,30.9,33.5,29.1,32.9,30,30.1,29.8,2.4,-2.0,1.8,-1.1,-1.0,-1.3
2026-02-13,Buenos Aires,28.9,28.9,29.6,28.8,28.6,27.4,27.9,29.1,0.7,-0.1,-0.3,-1.5,-1.0,0.2
2026-02-14,Buenos Aires,28.9,28.9,31,27.4,28.1,25.1,26.6,28.9,2.1,-1.5,-0.8,-3.8,-2.3,0.0
2026-02-15,Buenos Aires,30,29.9,25.4,27.5,25,23.7,24.3,26.8,-4.6,-2.5,-5,-6.3,-5.7,-3.2
2026-02-16,Buenos Aires,32.8,32.9,33.2,28.4,32.1,27.5,28.7,30.1,0.4,-4.4,-0.7,-5.3,-4.1,-2.7
2026-02-17,Buenos Aires,31.1,30.9,34.2,28.9,32.4,26,25.6,30.5,3.1,-2.2,1.3,-5.1,-5.5,-0.6
2026-02-18,Buenos Aires,35,34.9,36.8,31.7,34.3,30.2,32.8,32.8,1.8,-3.3,-0.7,-4.8,-2.2,-2.2
2026-02-19,Buenos Aires,32.2,31.9,35.4,28.9,31.1,26,31.1,28.6,3.2,-3.3,-1.1,-6.2,-1.1,-3.6
2026-02-20,Buenos Aires,31.1,30.9,32.8,30,29.9,26.7,27.3,29.2,1.7,-1.1,-1.2,-4.4,-3.8,-1.9
2026-01-01,Ankara,-2.8,-3.1,-2.9,-2.3,-3.2,-4.2,-3.9,-3.9,-0.1,0.5,-0.4,-1.4,-1.1,-1.1
2026-01-02,Ankara,-2.8,-4.1,-2,-1.5,-3,-1.4,-2.5,-2.6,0.8,1.3,-0.2,1.4,0.3,0.2
2026-01-03,Ankara,0,-1.1,2.8,4,-0.2,4.8,1.9,4.3,2.8,4,-0.2,4.8,1.9,4.3
2026-01-04,Ankara,6.1,5.9,7.4,8.5,6.9,7.7,9.4,7.5,1.3,2.4,0.8,1.6,3.3,1.4
2026-01-05,Ankara,7.2,6.9,7.7,9.1,7.7,7.9,9,8.5,0.5,1.9,0.5,0.7,1.8,1.3
2026-01-06,Ankara,10,9.9,8.2,9.3,8.4,8.6,8.7,8.6,-1.8,-0.7,-1.6,-1.4,-1.3,-1.4
2026-01-07,Ankara,11.1,10.9,10,10.1,8.9,11.4,11.2,8.5,-1.1,-1.0,-2.2,0.3,0.1,-2.6
2026-01-08,Ankara,12.2,11.9,11,9.9,11.3,13.1,12.7,10.3,-1.2,-2.3,-0.9,0.9,0.5,-1.9
2026-01-09,Ankara,2.8,3.9,3.5,2.6,3,2.9,2.7,2.4,0.7,-0.2,0.2,0.1,-0.1,-0.4
2026-01-10,Ankara,7.8,1.9,6.3,6.2,5.2,6.9,5.7,6.5,-1.5,-1.6,-2.6,-0.9,-2.1,-1.3
2026-01-11,Ankara,8.9,8.9,7.9,4.6,6,7.3,5.5,6.4,-1.0,-4.3,-2.9,-1.6,-3.4,-2.5
2026-01-12,Ankara,1.1,0.9,2.6,2.2,2.6,2.2,2.1,2.9,1.5,1.1,1.5,1.1,1.0,1.8
2026-01-13,Ankara,0,-0.1,-1.4,-1.5,-0.5,-0.9,-1.1,-0.8,-1.4,-1.5,-0.5,-0.9,-1.1,-0.8
2026-01-14,Ankara,-2.2,-2.1,-0.8,-3.1,-1.7,-1.6,-3.4,-2.2,1.4,-0.9,0.5,0.6,-1.2,0.0
2026-01-15,Ankara,2.8,1.9,2.2,1.9,2.1,1.4,0.3,2.1,-0.6,-0.9,-0.7,-1.4,-2.5,-0.7
2026-01-16,Ankara,5,4.9,4.3,3.3,5,5.1,2.4,3.5,-0.7,-1.7,0,0.1,-2.6,-1.5
2026-01-17,Ankara,1.1,1.9,1.3,-1.1,0.9,0.5,-0.8,-1.2,0.2,-2.2,-0.2,-0.6,-1.9,-2.3
2026-01-18,Ankara,0,-1.1,-1.4,-1.9,-2,-2.3,-1.5,-1.3,-1.4,-1.9,-2,-2.3,-1.5,-1.3
2026-01-19,Ankara,1.1,0.9,-0.6,0,0.3,-1.5,-0.6,-0.8,-1.7,-1.1,-0.8,-2.6,-1.7,-1.9
2026-01-20,Ankara,2.8,2.9,0.1,1.8,1,0.1,1.8,0.1,-2.7,-1.0,-1.8,-2.7,-1.0,-2.7
2026-01-21,Ankara,0,-0.1,1.5,3.7,2.3,1.6,1,2.6,1.5,3.7,2.3,1.6,1,2.6
2026-01-22,Ankara,0,-1.1,2.4,5.6,-0.5,1.9,3.5,1.7,2.4,5.6,-0.5,1.9,3.5,1.7
2026-01-23,Ankara,5,4.9,3.1,7.5,4.8,6.5,5.7,5.1,-1.9,2.5,-0.2,1.5,0.7,0.1
2026-01-24,Ankara,7.2,6.9,3.1,5.9,6.4,6.9,5.8,7.8,-4.1,-1.3,-0.8,-0.3,-1.4,0.6
2026-01-25,Ankara,12.2,10.9,8.1,9.5,9.4,10.1,8.5,8.8,-4.1,-2.7,-2.8,-2.1,-3.7,-3.4
2026-01-26,Ankara,11.1,10.9,8,9.3,9.7,11.1,8.9,9.2,-3.1,-1.8,-1.4,0.0,-2.2,-1.9
2026-01-27,Ankara,12.2,10.9,9.7,10.7,10.8,10.5,10.6,10.4,-2.5,-1.5,-1.4,-1.7,-1.6,-1.8
2026-01-28,Ankara,7.2,6.9,7.7,7.3,8.6,8.9,8,8,0.5,0.1,1.4,1.7,0.8,0.8
2026-01-29,Ankara,7.8,7.9,9,10.1,9.5,10.6,10.8,8.8,1.2,2.3,1.7,2.8,3.0,1.0
2026-01-30,Ankara,11.1,9.9,7.8,9.7,10.2,8.5,10,8.7,-3.3,-1.4,-0.9,-2.6,-1.1,-2.4
2026-01-31,Ankara,7.8,7.9,9.9,8.8,9.3,7.6,9.3,7.7,2.1,1.0,1.5,-0.2,1.5,-0.1
2026-02-01,Ankara,12.2,11.9,11.4,7.6,11.2,12.2,11,11.1,-0.8,-4.6,-1.0,0.0,-1.2,-1.1
2026-02-02,Ankara,8.9,10.9,11.4,12.6,11.6,10.7,10.9,10.7,2.5,3.7,2.7,1.8,2.0,1.8
2026-02-03,Ankara,6.1,5.9,5.1,5.1,4.9,4.5,3,3.6,-1.0,-1.0,-1.2,-1.6,-3.1,-2.5
2026-02-04,Ankara,7.2,6.9,6.5,7,6.4,7.3,6,5.7,-0.7,-0.2,-0.8,0.1,-1.2,-1.5
2026-02-05,Ankara,7.8,7.9,9.3,12,9.1,11.7,10.6,9.2,1.5,4.2,1.3,3.9,2.8,1.4
2026-02-06,Ankara,7.8,7.9,7.9,5.8,6.3,8.7,5.7,7.8,0.1,-2.0,-1.5,0.9,-2.1,0.0
2026-02-07,Ankara,10,9.9,10.7,10.8,10.1,9.9,8.5,9.1,0.7,0.8,0.1,-0.1,-1.5,-0.9
2026-02-08,Ankara,10,9.9,9,9.5,9.3,8.1,8,9.8,-1,-0.5,-0.7,-1.9,-2,-0.2
2026-02-09,Ankara,8.9,8.9,8.4,9.3,8.6,9.2,7.7,6.3,-0.5,0.4,-0.3,0.3,-1.2,-2.6
2026-02-10,Ankara,6.1,4.9,5.5,3.5,5.8,6,3.5,3.6,-0.6,-2.6,-0.3,-0.1,-2.6,-2.5
2026-02-11,Ankara,7.2,6.9,8.7,7.2,7.6,8.4,5.9,7,1.5,0.0,0.4,1.2,-1.3,-0.2
2026-02-12,Ankara,10,9.9,9.3,6.7,8.8,9.8,7.4,8.3,-0.7,-3.3,-1.2,-0.2,-2.6,-1.7
2026-02-13,Ankara,11.1,9.9,11.8,8.3,10.1,14,11.9,9.3,0.7,-2.8,-1.0,2.9,0.8,-1.8
2026-02-14,Ankara,11.1,10.9,7.7,10.4,10.5,9.2,8.7,9.3,-3.4,-0.7,-0.6,-1.9,-2.4,-1.8
2026-02-15,Ankara,13.9,13.9,14.2,16.6,15.3,16.2,13.6,13.9,0.3,2.7,1.4,2.3,-0.3,0.0
2026-02-16,Ankara,15,14.9,16.3,16.2,15.3,16.6,12.3,15.2,1.3,1.2,0.3,1.6,-2.7,0.2
2026-02-17,Ankara,12.8,12.9,13.5,13.4,13,10.9,12.6,11.6,0.7,0.6,0.2,-1.9,-0.2,-1.2
2026-02-18,Ankara,8.9,8.9,8.4,9.2,8.1,8.5,8.2,7.9,-0.5,0.3,-0.8,-0.4,-0.7,-1.0
2026-02-19,Ankara,5,4.9,4.3,3.7,4.9,5.2,3.2,4.4,-0.7,-1.3,-0.1,0.2,-1.8,-0.6
2026-02-20,Ankara,11.1,10.9,10,11.5,10,11.9,10.3,9.3,-1.1,0.4,-1.1,0.8,-0.8,-1.8
2026-01-01,Wellington,21.1,19.9,19.5,18.8,19.1,18.1,18.8,19.7,-1.6,-2.3,-2.0,-3.0,-2.3,-1.4
2026-01-02,Wellington,22.2,21.9,19.7,18.6,19.4,17.9,20.3,20.3,-2.5,-3.6,-2.8,-4.3,-1.9,-1.9
2026-01-03,Wellington,17.8,16.9,16.9,16.7,16.6,15.6,17.2,16.7,-0.9,-1.1,-1.2,-2.2,-0.6,-1.1
2026-01-04,Wellington,22.2,17.9,18.6,18.9,18.7,18.5,21.4,21.1,-3.6,-3.3,-3.5,-3.7,-0.8,-1.1
2026-01-05,Wellington,22.8,22.9,19.5,19.7,20.3,19.8,22.6,22.3,-3.3,-3.1,-2.5,-3.0,-0.2,-0.5
2026-01-06,Wellington,22.8,20.9,19.7,20.1,19.4,19.8,21.8,21.1,-3.1,-2.7,-3.4,-3.0,-1.0,-1.7
2026-01-07,Wellington,22.8,22.9,20.6,21.2,20.4,19.7,23.3,22.9,-2.2,-1.6,-2.4,-3.1,0.5,0.1
2026-01-08,Wellington,25,24.9,24.4,21.9,21.5,20.5,23.6,24.7,-0.6,-3.1,-3.5,-4.5,-1.4,-0.3
2026-01-09,Wellington,25,24.9,21.7,22.5,23.1,21.2,23.2,23.7,-3.3,-2.5,-1.9,-3.8,-1.8,-1.3
2026-01-10,Wellington,22.2,20.9,20.4,20.5,20.5,19.9,21.2,21.3,-1.8,-1.7,-1.7,-2.3,-1.0,-0.9
2026-01-11,Wellington,22.2,21.9,21,20.8,20.8,19.8,21.5,20.8,-1.2,-1.4,-1.4,-2.4,-0.7,-1.4
2026-01-12,Wellington,21.1,19.9,19.8,19.4,19.5,18.4,19.9,19.7,-1.3,-1.7,-1.6,-2.7,-1.2,-1.4
2026-01-13,Wellington,22.2,21.9,19.8,19.7,18.7,19.1,20.8,20.2,-2.4,-2.5,-3.5,-3.1,-1.4,-2.0
2026-01-14,Wellington,17.8,17.9,17.2,17.5,17.3,16.8,17.7,18.4,-0.6,-0.3,-0.5,-1.0,-0.1,0.6
2026-01-15,Wellington,18.9,18.9,17.7,18.7,17.7,16.9,18.5,20.3,-1.2,-0.2,-1.2,-2.0,-0.4,1.4
2026-01-16,Wellington,16.1,15.9,17.7,16.6,17.9,16.9,17.2,19.3,1.6,0.5,1.8,0.8,1.1,3.2
2026-01-17,Wellington,17.8,17.9,16.7,15.3,16,14.9,15.6,16.8,-1.1,-2.5,-1.8,-2.9,-2.2,-1.0
2026-01-18,Wellington,17.2,16.9,16.2,15.9,16.1,15.5,17.1,16.1,-1.0,-1.3,-1.1,-1.7,-0.1,-1.1
2026-01-19,Wellington,17.8,16.9,17,16.5,17.5,15.8,18.4,18.3,-0.8,-1.3,-0.3,-2.0,0.6,0.5
2026-01-20,Wellington,18.9,16.9,21.5,20,18.4,18,21.8,21.1,2.6,1.1,-0.5,-0.9,2.9,2.2
2026-01-21,Wellington,21.1,20.9,20.9,22.3,20.4,19.1,23,22.4,-0.2,1.2,-0.7,-2.0,1.9,1.3
2026-01-22,Wellington,22.2,19.9,20,20.6,20.5,19.4,20,20.6,-2.2,-1.6,-1.7,-2.8,-2.2,-1.6
2026-01-23,Wellington,22.2,21.9,19.6,20,20,19.5,18.4,20.5,-2.6,-2.2,-2.2,-2.7,-3.8,-1.7
2026-01-24,Wellington,18.9,16.9,17.9,17.6,16.9,17.9,18.3,18.2,-1.0,-1.3,-2.0,-1.0,-0.6,-0.7
2026-01-25,Wellington,21.1,19.9,19.5,18.9,18.9,18.2,18.8,21.3,-1.6,-2.2,-2.2,-2.9,-2.3,0.2
2026-01-26,Wellington,22.2,21.9,19.6,19.6,19,17.8,20.2,20.4,-2.6,-2.6,-3.2,-4.4,-2.0,-1.8
2026-01-27,Wellington,21.1,16.9,19.6,18.8,17.7,16.3,19.6,20,-1.5,-2.3,-3.4,-4.8,-1.5,-1.1
2026-01-28,Wellington,22.8,22.9,20.7,19.8,19.7,19.9,22.4,23.6,-2.1,-3.0,-3.1,-2.9,-0.4,0.8
2026-01-29,Wellington,22.2,20.9,20.7,19.3,20.3,18.8,20.3,21.7,-1.5,-2.9,-1.9,-3.4,-1.9,-0.5
2026-01-30,Wellington,21.1,20.9,21,18.8,19.1,18.5,23.4,21.1,-0.1,-2.3,-2.0,-2.6,2.3,0.0
2026-01-31,Wellington,20,19.9,19.3,18.8,18.7,18.1,20.2,20.1,-0.7,-1.2,-1.3,-1.9,0.2,0.1
2026-02-01,Wellington,20,19.9,21.4,19,19.2,18.2,21.8,21.9,1.4,-1,-0.8,-1.8,1.8,1.9
2026-02-02,Wellington,21.1,20.9,19.4,19.3,18.9,18.3,20,21.1,-1.7,-1.8,-2.2,-2.8,-1.1,0.0
2026-02-03,Wellington,17.2,17.9,18.5,19.5,15.8,16.4,14.7,18.7,1.3,2.3,-1.4,-0.8,-2.5,1.5
2026-02-04,Wellington,17.8,17.9,18.7,18,17.7,16.1,18.6,19.7,0.9,0.2,-0.1,-1.7,0.8,1.9
2026-02-05,Wellington,22.8,22.9,20,19.3,19.1,19.2,20.9,23,-2.8,-3.5,-3.7,-3.6,-1.9,0.2
2026-02-06,Wellington,22.8,20.9,20.4,20.6,21.2,19.9,21.7,23.2,-2.4,-2.2,-1.6,-2.9,-1.1,0.4
2026-02-07,Wellington,22.2,21.9,21.2,20.9,21.6,20.2,21.7,22.9,-1.0,-1.3,-0.6,-2.0,-0.5,0.7
2026-02-08,Wellington,18.9,18.9,19.9,19.4,18.5,17.2,20.9,19.8,1.0,0.5,-0.4,-1.7,2.0,0.9
2026-02-09,Wellington,21.1,18.9,20.2,20.2,20.1,17.9,21.8,21,-0.9,-0.9,-1.0,-3.2,0.7,-0.1
2026-02-10,Wellington,22.2,21.9,20.6,21.4,20.3,19.1,22.7,21.5,-1.6,-0.8,-1.9,-3.1,0.5,-0.7
2026-02-11,Wellington,20,21.9,21.5,21.8,21,19.2,23.9,23.5,1.5,1.8,1,-0.8,3.9,3.5
2026-02-12,Wellington,25,24.9,22.7,23.1,21.9,21.2,24.4,26.2,-2.3,-1.9,-3.1,-3.8,-0.6,1.2
2026-02-13,Wellington,23.9,23.9,21.1,22.8,22.7,21.7,24.9,25.8,-2.8,-1.1,-1.2,-2.2,1.0,1.9
2026-02-14,Wellington,17.8,19.9,16.4,17.5,16.7,15.8,17.4,17.9,-1.4,-0.3,-1.1,-2.0,-0.4,0.1
2026-02-15,Wellington,16.1,15.9,14.4,16.2,16.2,17.1,15.1,16.1,-1.7,0.1,0.1,1.0,-1.0,0.0
2026-02-16,Wellington,17.8,15.9,18.7,18.9,18.8,17.3,17.6,19.5,0.9,1.1,1.0,-0.5,-0.2,1.7
2026-02-17,Wellington,21.1,19.9,19.7,19.3,19.6,17.9,19.2,21.2,-1.4,-1.8,-1.5,-3.2,-1.9,0.1
2026-02-18,Wellington,21.1,20.9,20.3,19.4,20.1,18.7,20.2,20.7,-0.8,-1.7,-1.0,-2.4,-0.9,-0.4
2026-02-19,Wellington,21.1,20.9,19.6,19.7,20.8,18.8,19.9,19.7,-1.5,-1.4,-0.3,-2.3,-1.2,-1.4
2026-02-20,Wellington,22.8,22.9,21.2,20.5,22.5,18.9,20.6,22.7,-1.6,-2.3,-0.3,-3.9,-2.2,-0.1
